S5 Table.  LOH tracts accumulated in MA lines. The LOH tracts are supported by minimum 3 SNPs.,,,,,,,,,,,,,
Line,Chromosome,SNP_start,SNP_end,LOH_start,LOH_end,LOH_width,Number_of_SNPs_supporting_LOH,Fixation,LOH_mechanism,Telomere_distance,Telomere_type,LOH_type,Centromere_distance
C1,chr1,198623,198648,198621.5,198656,34.5,3,S288c,Recombination,30755,right,Interstitial,47098
C1,chr1,203588,204029,203270.5,205604,2333.5,17,S288c,Recombination,23807,right,Interstitial,51747
C1,chr2,8174,8222,7723.5,8230,506.5,7,S288c,Deletion,1115.5,left,Interstitial,230035
C1,chr3,4351,4371,4323.5,4430,106.5,4,S288c,Deletion,3225.5,left,Interstitial,110013
C1,chr4,18588,18702,18364.5,18753.5,389,16,S288c,Deletion,17460.5,left,Interstitial,431012.5
C1,chr4,1524260,1524477,1523916,1524477,561,11,S288c,Recombination,148,right,Interstitial,1074150
C1,chr5,434623,434632,434515,434858.5,343.5,3,S288c,Deletion,134740.5,right,Interstitial,282469.5
C1,chr5,443323,443531,443306.5,446608,3301.5,4,S288c,Recombination,122991,right,Interstitial,291261
C1,chr5,561529,561746,561526.5,561752.5,226,14,S288c,Recombination,7846.5,right,Interstitial,409481
C1,chr5,564343,564535,564323.5,564551,227.5,12,S288c,Deletion,5048,right,Interstitial,412278
C1,chr5,565711,567436,565693,567448.5,1755.5,26,S288c,Deletion,2150.5,right,Interstitial,413647.5
C1,chr7,21035,21094,21030,21101,71,8,S288c,Recombination,20249,left,Interstitial,475878
C1,chr7,932,954,907,989.5,82.5,4,S288c,Recombination,126,left,Interstitial,495989.5
C1,chr7,11076,11108,10822.5,11135,312.5,3,S288c,Deletion,10041.5,left,Interstitial,485844
C1,chr7,19879,19926,19864.5,19938,73.5,4,S288c,Recombination,19083.5,left,Interstitial,477041
C1,chr8,93086,93101,93077,93176,99,4,S288c,Deletion,87572,left,Interstitial,12468.5
C1,chr8,93824,93833,93797,94462.5,665.5,4,S288c,Recombination,88292,left,Interstitial,11182
C1,chr8,12605,12664,7336.5,12692.5,5356,7,S288c,Deletion,1831.5,left,Interstitial,92952
C1,chr8,531123,531177,529816.5,542271.5,12455,5,S288c,Deletion,13833.5,right,Terminal,424172
C1,chr9,33484,33552,33466.5,33557,90.5,8,S288c,Recombination,25682.5,left,Interstitial,322130
C1,chr9,437940,437994,434907,438379.5,3472.5,6,S288c,Deletion,688.5,right,Interstitial,79220
C1,chr10,354785,354975,354738.5,355211.5,473,3,S288c,Recombination,346971.5,left,Interstitial,81154.5
C1,chr11,218,259,218,491.5,273.5,3,S288c,Deletion,0,left,Interstitial,439696
C1,chr11,664992,666404,664758.5,666408,1649.5,3,S288c,Recombination,0,right,Interstitial,224571
C1,chr12,96151,96169,96048,96638.5,590.5,3,S288c,Recombination,83963,left,Interstitial,54249
C1,chr12,1052191,1052276,1052178.5,1052310,131.5,3,S288c,Recombination,11971,right,Interstitial,901291
C1,chr12,1059588,1059598,1059576,1059664,88,3,S288c,Recombination,4617,right,Interstitial,908688.5
C1,chr12,1061635,1061676,1061617,1061750,133,3,S288c,Deletion,2531,right,Interstitial,910729.5
C1,chr12,1062165,1062194,1062125.5,1062823.5,698,4,S288c,Recombination,1457.5,right,Interstitial,911238
C1,chr13,463219,463264,463195,463297,102,5,S288c,Recombination,456851,left,Interstitial,195105
C1,chr14,632008,632300,631924.5,633309.5,1385,6,S288c,Recombination,149968.5,right,Interstitial,3108
C1,chr14,8936,9289,8936,9307,371,6,S288c,Recombination,1508,left,Interstitial,619509.5
C1,chr15,24376,24486,23449,24564.5,1115.5,3,S288c,Recombination,22602,left,Interstitial,302078.5
C1,chr15,528181,528185,528146.5,528211,64.5,3,S288c,Deletion,527299.5,left,Interstitial,201503.5
C1,chr15,621642,622026,621534,622032,498,7,S288c,Recombination,461890,right,Interstitial,294891
C1,chr15,624314,624354,623884,624422.5,538.5,7,S288c,Recombination,459499.5,right,Interstitial,297241
C1,chr15,1073008,1073014,1072265.5,1073019,753.5,3,S288c,Recombination,10903,right,Interstitial,745622.5
C1,chr16,62550,63327,62511,63352.5,841.5,4,S288c,Recombination,55288,left,Interstitial,492662.5
C1,chr16,63565,64405,63557.5,64453.5,896,15,S288c,Recombination,56334.5,left,Interstitial,491561.5
C1,chr16,856428,856446,853471.5,856895.5,3424,3,S288c,Recombination,85500.5,right,Interstitial,297456.5
C2,chr1,27417,27688,27414,27927.5,513.5,9,S288c,Recombination,26613,left,Interstitial,123596
C2,chr1,160234,166001,160206.5,166123,5916.5,4,S288c,Deletion,63288,right,Interstitial,8683
C2,chr1,203798,203816,203694,203822,128,6,S288c,Deletion,25589,right,Interstitial,52170.5
C2,chr1,2501,2542,2501,2592.5,91.5,8,S288c,Deletion,1700,left,Interstitial,148931
C2,chr1,13872,15921,13860,15983.5,2123.5,5,S288c,Recombination,13059,left,Interstitial,135540
C2,chr1,18553,21596,18535,22062,3527,8,S288c,Recombination,17734,left,Terminal,129461.5
C2,chr2,6680,6704,6680,6772.5,92.5,5,S288c,Deletion,72,left,Interstitial,231492.5
C2,chr2,8174,8253,7645,8266.5,621.5,10,S288c,Recombination,1037,left,Interstitial,229998.5
C2,chr3,151628,151646,149871.5,152096,2224.5,3,S288c,Recombination,148773.5,left,Interstitial,35428.5
C2,chr3,303862,304205,303857.5,304252,394.5,6,S288c,Deletion,11531,right,Interstitial,189414.5
C2,chr3,306591,306597,306583,306664,81,3,S288c,Recombination,9119,right,Interstitial,192140
C2,chr3,307325,307339,307253.5,307731.5,478,3,S288c,Deletion,8051.5,right,Interstitial,192810.5
C2,chr3,314573,314591,314535.5,314591,55.5,4,S288c,Recombination,1192,right,Interstitial,200092.5
C2,chr4,220373,220463,219856.5,220776.5,920,5,S288c,Recombination,218952.5,left,Interstitial,228989.5
C2,chr4,526727,526840,526713,526852,139,9,S288c,Deletion,525809,left,Interstitial,76947
C2,chr4,537994,538120,532868.5,538130.5,5262,11,S288c,Recombination,531964.5,left,Interstitial,83102.5
C2,chr4,987310,987753,984203,990275,6072,8,S288c,Recombination,534350,right,Interstitial,534437
C2,chr4,18588,18624,18364.5,18637.5,273,8,S288c,Recombination,17460.5,left,Interstitial,431128.5
C2,chr4,1523563,1524477,1523522.5,1524477,954.5,14,S288c,Deletion,148,right,Interstitial,1073756.5
C2,chr5,250279,250283,250056.5,250405.5,349,3,S288c,Deletion,243583.5,left,Interstitial,98011
C2,chr5,564343,564431,564323.5,564446,122.5,6,S288c,Recombination,5153,right,Interstitial,412278
C2,chr5,565731,565746,565730,566122.5,392.5,5,S288c,Deletion,3476.5,right,Interstitial,413684.5
C2,chr5,567283,567355,566931.5,567365,433.5,7,S288c,Recombination,2234,right,Interstitial,414886
C2,chr5,570743,571746,570720,571746,1026,5,S288c,Recombination,0,right,Interstitial,418674.5
C2,chr6,191856,191914,191851.5,191922,70.5,5,S288c,Recombination,77809,right,Interstitial,43283
C2,chr7,20962,21035,20953.5,21036,82.5,5,S288c,Deletion,20172.5,left,Interstitial,475943
C2,chr7,931595,931666,931359,931861,502,5,S288c,Recombination,151774,right,Interstitial,434380
C2,chr7,11076,11108,10822.5,11135,312.5,3,S288c,Deletion,10041.5,left,Interstitial,485844
C2,chr8,93055,93302,93045,93478.5,433.5,13,S288c,Deletion,87540,left,Interstitial,12166
C2,chr8,12605,12608,12605,12610.5,5.5,3,S288c,Deletion,7100,left,Interstitial,93034
C2,chr8,554022,554038,554002,554086.5,84.5,4,S288c,Recombination,2018.5,right,Interstitial,448357.5
C2,chr8,555849,555862,555651.5,555926.5,275,3,S288c,Recombination,178.5,right,Interstitial,450007
C2,chr8,556650,556718,556484,559471.5,2987.5,3,S288c,Deletion,0,right,Interstitial,450839.5
C2,chr9,393177,393280,392038.5,393319.5,1281,10,S288c,Deletion,45748.5,right,Interstitial,36351.5
C2,chr9,437940,437994,434907,438379.5,3472.5,6,S288c,Deletion,688.5,right,Interstitial,79220
C2,chr10,204142,204184,200798.5,204231.5,3433,4,S288c,Deletion,193031.5,left,Interstitial,232134.5
C2,chr10,354785,354975,354738.5,355211.5,473,3,S288c,Recombination,346971.5,left,Interstitial,81154.5
C2,chr10,400246,400263,400109,400267.5,158.5,6,S288c,Deletion,344634.5,right,Interstitial,36098.5
C2,chr11,218,733,218,744,526,5,S288c,Recombination,0,left,Interstitial,439443.5
C2,chr11,15594,15618,15435.5,15630,194.5,9,S288c,Deletion,14628.5,left,Interstitial,424557.5
C2,chr12,1059588,1059711,1059576,1059720.5,144.5,5,S288c,Deletion,4560.5,right,Interstitial,908688.5
C2,chr12,1060128,1061559,1060002,1061579,1577,5,S288c,Recombination,2702,right,Interstitial,909114.5
C2,chr12,1063453,1064276,1062835.5,1064276,1440.5,4,S288c,Recombination,5,right,Interstitial,911948
C2,chr13,378496,378514,375409,378622,3213,3,S288c,Recombination,369065,left,Interstitial,107319
C2,chr13,463330,463367,463297,463381,84,3,S288c,Recombination,456953,left,Interstitial,195207
C2,chr13,908174,908185,908156,908190.5,34.5,5,YJM789,Recombination,15350.5,right,Interstitial,640066
C2,chr14,522539,522562,522484,523829,1345,3,S288c,Recombination,259449,right,Interstitial,104987.5
C2,chr14,570113,572374,570073.5,572451.5,2378,8,S288c,Recombination,210826.5,right,Interstitial,56365
C2,chr14,598433,602168,598362,602193,3831,6,S288c,Recombination,181085,right,Interstitial,26623.5
C2,chr14,632163,632300,632085.5,633309.5,1224,3,S288c,Recombination,149968.5,right,Interstitial,3269
C2,chr14,651900,652049,651874.5,652143.5,269,3,S288c,Recombination,131134.5,right,Interstitial,23058
C2,chr15,528181,528185,528146.5,528211,64.5,3,S288c,Deletion,527299.5,left,Interstitial,201503.5
C2,chr15,621409,621669,621365,621847.5,482.5,9,S288c,Recombination,462074.5,right,Interstitial,294722
C2,chr15,970213,970235,970211.5,973365,3153.5,3,S288c,Deletion,110557,right,Interstitial,643568.5
C2,chr15,1073008,1073030,1072265.5,1074275.5,2010,5,S288c,Recombination,9646.5,right,Interstitial,745622.5
C2,chr16,63616,63738,63600,64071.5,471.5,10,S288c,Recombination,56377,left,Interstitial,491943.5
C2,chr16,560484,560857,560453,560951,498,3,S288c,Deletion,381445,right,Interstitial,4438
C2,chr16,581566,581607,581532.5,581607.5,75,4,S288c,Deletion,360788.5,right,Interstitial,25517.5
C2,chr16,856428,856446,853471.5,856895.5,3424,3,S288c,Recombination,85500.5,right,Interstitial,297456.5
C3,chr1,27681,27688,27669.5,27927.5,258,4,S288c,Recombination,26868.5,left,Interstitial,123596
C3,chr1,160234,166001,160206.5,166123,5916.5,4,S288c,Deletion,63288,right,Interstitial,8683
C3,chr1,203588,203590,203270.5,203694,423.5,3,S288c,Recombination,25717,right,Interstitial,51747
C3,chr1,2501,2542,2501,2592.5,91.5,7,S288c,Deletion,1700,left,Interstitial,148931
C3,chr1,13942,16046,13907,16072,2165,5,S288c,Deletion,13106,left,Interstitial,135451.5
C3,chr1,18553,21596,18535,22062,3527,8,S288c,Deletion,17734,left,Terminal,129461.5
C3,chr2,6680,6704,6680,6772.5,92.5,5,S288c,Deletion,72,left,Interstitial,231492.5
C3,chr2,8174,8187,7645,8201.5,556.5,4,S288c,Recombination,1037,left,Interstitial,230063.5
C3,chr2,8238,8288,8230,8297,67,7,S288c,Recombination,1622,left,Interstitial,229968
C3,chr3,151628,151646,149871.5,152096,2224.5,3,S288c,Deletion,148773.5,left,Interstitial,35428.5
C3,chr3,306591,306597,306583,306603.5,20.5,3,S288c,Recombination,9179.5,right,Interstitial,192140
C3,chr3,314439,314591,314401.5,314591,189.5,10,S288c,Recombination,1192,right,Interstitial,199958.5
C3,chr4,526183,526219,526159,526220.5,61.5,4,S288c,Deletion,525255,left,Interstitial,76393
C3,chr4,526669,526864,526663,526873,210,15,S288c,Deletion,525759,left,Interstitial,76897
C3,chr4,537994,538120,532868.5,538130.5,5262,11,S288c,Recombination,531964.5,left,Interstitial,83102.5
C3,chr4,759650,759662,758969,759677,708,3,S288c,Deletion,758065,left,Interstitial,309203
C3,chr4,987440,987578,987375,987664,289,5,S288c,Recombination,536961,right,Interstitial,537609
C3,chr4,1523440,1524477,1523395,1524477,1082,16,S288c,Deletion,148,right,Interstitial,1073629
C3,chr5,250279,250283,250056.5,250405.5,349,3,S288c,Deletion,243583.5,left,Interstitial,98011
C3,chr5,443491,443531,443407,446608,3201,3,S288c,Recombination,122991,right,Interstitial,291361.5
C3,chr5,2014,14676,2014,14854,12840,102,YJM789,Recombination,0,left,Interstitial,137191.5
C3,chr5,566499,566512,566122.5,566527,404.5,4,S288c,Recombination,3072,right,Interstitial,414077
C3,chr5,567283,567403,566931.5,567419.5,488,11,S288c,Deletion,2179.5,right,Interstitial,414886
C3,chr5,570697,571746,569560,571746,2186,6,S288c,Recombination,0,right,Interstitial,417514.5
C3,chr6,6065,6354,6065,16126,10061,12,S288c,Deletion,535,left,Interstitial,132442.5
C3,chr7,21023,21088,20998,21091,93,9,S288c,Deletion,20217,left,Interstitial,475888
C3,chr7,931595,931666,931359,931861,502,5,S288c,Deletion,151774,right,Interstitial,434380
C3,chr7,1068092,1068100,1068090.5,1068116,25.5,3,S288c,Recombination,15519,right,Interstitial,571111.5
C3,chr8,93068,93101,93065,93176,111,5,S288c,Deletion,87560,left,Interstitial,12468.5
C3,chr8,193075,193183,192599.5,193214,614.5,3,S288c,Recombination,187094.5,left,Interstitial,86955
C3,chr8,212499,212536,212396,214385.5,1989.5,3,YJM789,Recombination,206891,left,Interstitial,106751.5
C3,chr8,1708,12616,1708,12639,10931,9,S288c,Deletion,0,left,Interstitial,93005.5
C3,chr8,554280,554984,554241,555096,855,8,S288c,Recombination,1009,right,Interstitial,448596.5
C3,chr8,555849,555862,555587,555926.5,339.5,3,S288c,Recombination,178.5,right,Interstitial,449942.5
C3,chr8,556650,556718,556484,559471.5,2987.5,3,S288c,Recombination,0,right,Interstitial,450839.5
C3,chr8,531123,553366,529816.5,553454.5,23638,6,S288c,Recombination,2650.5,right,Terminal,424172
C3,chr9,393177,393280,392038.5,393319.5,1281,10,S288c,Recombination,45748.5,right,Interstitial,36351.5
C3,chr9,19415,19454,19415,21805.5,2390.5,3,S288c,Recombination,11631,left,Interstitial,333881.5
C3,chr9,431874,439006,431814.5,439006,7191.5,14,S288c,Deletion,62,right,Interstitial,76127.5
C3,chr10,204142,204184,200798.5,204231.5,3433,4,S288c,Deletion,193031.5,left,Interstitial,232134.5
C3,chr10,354785,354975,354738.5,355211.5,473,3,S288c,Recombination,346971.5,left,Interstitial,81154.5
C3,chr10,367233,367302,365160,374473,9313,4,S288c,Recombination,357393,left,Interstitial,61893
C3,chr11,218,259,218,491.5,273.5,3,S288c,Deletion,0,left,Interstitial,439696
C3,chr12,1059588,1059731,1059576,1059753,177,7,S288c,Recombination,4528,right,Interstitial,908688.5
C3,chr12,1060207,1061559,1060167.5,1061617.5,1450,4,S288c,Recombination,2663.5,right,Interstitial,909280
C3,chr12,1064268,1064276,1063860.5,1064276,415.5,3,S288c,Recombination,5,right,Interstitial,912973
C3,chr13,378496,378514,375409,378622,3213,3,S288c,Recombination,369065,left,Interstitial,107319
C3,chr13,908174,908218,908156,908562,406,9,YJM789,Recombination,14979,right,Interstitial,640066
C3,chr14,522030,522424,520553.5,523760,3206.5,4,S288c,Recombination,259518,right,Interstitial,105056.5
C3,chr14,570113,570167,570073.5,571214,1140.5,4,S288c,Recombination,212064,right,Interstitial,57602.5
C3,chr14,599953,602168,599193,602193,3000,5,S288c,Deletion,181085,right,Interstitial,26623.5
C3,chr14,632008,632300,631924.5,633309.5,1385,6,S288c,Recombination,149968.5,right,Interstitial,3108
C3,chr14,8936,8986,8936,9083.5,147.5,3,S288c,Recombination,1508,left,Interstitial,619733
C3,chr15,24376,24655,23449,24660,1211,6,S288c,Deletion,22602,left,Interstitial,301983
C3,chr15,24732,24924,24711,25121,410,5,S288c,Recombination,23864,left,Interstitial,301522
C3,chr15,160153,160213,160147.5,160305,157.5,4,S288c,Recombination,159300.5,left,Interstitial,166338
C3,chr15,528181,528185,528146.5,528211,64.5,3,S288c,Deletion,527299.5,left,Interstitial,201503.5
C3,chr15,621409,622026,621365,622032,667,10,S288c,Deletion,461890,right,Interstitial,294722
C3,chr15,970210,970235,970198,973365,3167,4,S288c,Recombination,110557,right,Interstitial,643555
C3,chr15,1073008,1073030,1072265.5,1073362.5,1097,5,S288c,Recombination,10559.5,right,Interstitial,745622.5
C3,chr16,63616,64405,63600,64453.5,853.5,11,S288c,Recombination,56377,left,Interstitial,491561.5
C3,chr16,97663,97696,97636,97705,69,3,S288c,Deletion,90413,left,Interstitial,458310
C3,chr16,856428,856446,853471.5,856895.5,3424,3,S288c,Recombination,85500.5,right,Interstitial,297456.5
C3,chr16,19227,19230,18430.5,19241,810.5,3,YJM789,Recombination,11207.5,left,Interstitial,536774
C3,chr16,929678,929692,929642,929704,62,3,S288c,Recombination,12692,right,Interstitial,373627
C5,chr1,160234,166001,160206.5,166123,5916.5,4,S288c,Recombination,63288,right,Interstitial,8683
C5,chr1,198619,198648,198617.5,198656,38.5,5,S288c,Recombination,30755,right,Interstitial,47094
C5,chr1,203798,204029,203694,205604,1910,16,S288c,Recombination,23807,right,Interstitial,52170.5
C5,chr1,18553,23813,18535,24289.5,5754.5,12,S288c,Recombination,17734,left,Terminal,127234
C5,chr2,6689,6704,6689,6841,152,4,S288c,Recombination,81,left,Interstitial,231424
C5,chr2,7481,8187,7405,8201.5,796.5,5,S288c,Recombination,797,left,Interstitial,230063.5
C5,chr4,526651,526741,526643.5,526752,108.5,10,S288c,Recombination,525739.5,left,Interstitial,76877.5
C5,chr4,18588,18683,18364.5,18692.5,328,15,S288c,Deletion,17460.5,left,Interstitial,431073.5
C5,chr4,1524266,1524477,1524263,1524477,214,10,S288c,Recombination,148,right,Interstitial,1074497
C5,chr5,152027,152072,151840,152102,262,3,S288c,Recombination,145367,left,Interstitial,0
C5,chr5,250279,250283,250056.5,250405.5,349,3,S288c,Recombination,243583.5,left,Interstitial,98011
C5,chr5,561524,561541,561517,561543,26,4,S288c,Recombination,8056,right,Interstitial,409471.5
C5,chr5,561717,561746,561704.5,561752.5,48,3,S288c,Recombination,7846.5,right,Interstitial,409659
C5,chr5,564343,564486,564323.5,564510.5,187,11,S288c,Recombination,5088.5,right,Interstitial,412278
C5,chr5,564865,564898,564853,564901,48,4,S288c,Recombination,4698,right,Interstitial,412807.5
C5,chr5,565711,567466,565693,567468,1775,28,S288c,Recombination,2131,right,Interstitial,413647.5
C5,chr5,568423,570743,568415.5,570743,2327.5,3,S288c,Deletion,0,right,Interstitial,416370
C5,chr6,6065,6097,6065,6139,74,4,S288c,Recombination,535,left,Interstitial,142429.5
C5,chr7,794605,794620,794570,794729,159,3,YJM789,Recombination,288906,right,Interstitial,297591
C5,chr7,931595,931666,931359,931861,502,5,S288c,Deletion,151774,right,Interstitial,434380
C5,chr7,6091,6127,5945.5,6626.5,681,3,YJM789,Recombination,5164.5,left,Interstitial,490352.5
C5,chr7,19879,19926,19864.5,19938,73.5,4,S288c,Deletion,19083.5,left,Interstitial,477041
C5,chr8,93086,93302,93077,93478.5,401.5,7,S288c,Deletion,87572,left,Interstitial,12166
C5,chr8,93824,93833,93797,94462.5,665.5,4,S288c,Recombination,88292,left,Interstitial,11182
C5,chr8,212499,212536,212396,214385.5,1989.5,3,YJM789,Recombination,206891,left,Interstitial,106751.5
C5,chr8,12605,12758,7336.5,12774.5,5438,11,S288c,Deletion,1831.5,left,Interstitial,92870
C5,chr8,531123,553366,529816.5,553454.5,23638,6,S288c,Deletion,2650.5,right,Terminal,424172
C5,chr9,33522,33581,33512.5,33590,77.5,7,S288c,Recombination,25728.5,left,Interstitial,322097
C5,chr9,393198,393280,393196.5,393319.5,123,4,S288c,Recombination,45748.5,right,Interstitial,37509.5
C5,chr9,437940,437994,434907,438379.5,3472.5,6,S288c,Deletion,688.5,right,Interstitial,79220
C5,chr10,125051,133192,124802,133267,8465,46,YJM789,Recombination,117035,left,Interstitial,303099
C5,chr11,218,259,218,491.5,273.5,3,S288c,Recombination,0,left,Interstitial,439696
C5,chr11,15606,15618,15604.5,15630,25.5,5,S288c,Recombination,14797.5,left,Interstitial,424557.5
C5,chr11,666404,666468,665728,666468,740,6,S288c,Recombination,0,right,Interstitial,225540.5
C5,chr12,712958,712990,712950,713024.5,74.5,3,S288c,Recombination,351256.5,right,Interstitial,562062.5
C5,chr12,1059588,1059731,1059576,1059753,177,7,S288c,Recombination,4528,right,Interstitial,908688.5
C5,chr13,378496,378514,375409,378622,3213,3,S288c,Recombination,369065,left,Interstitial,107319
C5,chr14,599953,600012,599193,601090,1897,4,S288c,Deletion,182188,right,Interstitial,27726.5
C5,chr14,8936,8986,8936,9083.5,147.5,3,S288c,Recombination,1508,left,Interstitial,619733
C5,chr15,24376,24643,23449,24648.5,1199.5,4,S288c,Recombination,22602,left,Interstitial,301994.5
C5,chr15,621642,621657,621534,621850.5,316.5,4,S288c,Recombination,462071.5,right,Interstitial,294891
C5,chr16,62364,62550,59336,62964,3628,4,S288c,Recombination,52113,left,Interstitial,493051
C5,chr16,63582,64405,63573.5,64453.5,880,14,S288c,Recombination,56350.5,left,Interstitial,491561.5
C5,chr16,64600,64605,64578.5,64613,34.5,4,S288c,Recombination,57355.5,left,Interstitial,491402
C7,chr1,27681,27688,27669.5,27927.5,258,4,S288c,Recombination,26868.5,left,Interstitial,123596
C7,chr1,104469,114824,104255.5,114876,10620.5,62,YJM789,Recombination,103454.5,left,Interstitial,36647.5
C7,chr1,203798,203816,203694,203822,128,6,S288c,Deletion,25589,right,Interstitial,52170.5
C7,chr1,2501,2542,2501,2592.5,91.5,8,S288c,Deletion,1700,left,Interstitial,148931
C7,chr1,13848,15921,13839,15983.5,2144.5,6,S288c,Recombination,13038,left,Interstitial,135540
C7,chr1,18517,21596,17390.5,22062,4671.5,9,S288c,Recombination,16589.5,left,Terminal,129461.5
C7,chr2,299803,302473,299663.5,302656,2992.5,12,YJM789,Recombination,293055.5,left,Interstitial,61398.5
C7,chr2,6680,6704,6680,6772.5,92.5,5,S288c,Deletion,72,left,Interstitial,231492.5
C7,chr2,8174,8216,7827.5,8218.5,391,5,S288c,Recombination,1219.5,left,Interstitial,230046.5
C7,chr3,151628,151646,149871.5,152096,2224.5,3,S288c,Recombination,148773.5,left,Interstitial,35428.5
C7,chr3,295097,295215,295094,295294.5,200.5,3,S288c,Recombination,20488.5,right,Interstitial,180651
C7,chr3,306591,306597,306583,306664,81,3,S288c,Recombination,9119,right,Interstitial,192140
C7,chr3,314439,314591,314401.5,314591,189.5,10,S288c,Deletion,1192,right,Interstitial,199958.5
C7,chr4,220373,220463,219856.5,220776.5,920,5,S288c,Recombination,218952.5,left,Interstitial,228989.5
C7,chr4,526657,526810,526654,526823.5,169.5,13,S288c,Deletion,525750,left,Interstitial,76888
C7,chr4,758288,759662,757871,759677,1806,4,S288c,Recombination,756967,left,Interstitial,308105
C7,chr4,987440,987753,987375,990275,2900,7,S288c,Recombination,534350,right,Interstitial,537609
C7,chr4,18588,18671,18024.5,18673,648.5,12,S288c,Deletion,17120.5,left,Interstitial,431093
C7,chr4,1523440,1524477,1523395,1524477,1082,16,S288c,Deletion,148,right,Interstitial,1073629
C7,chr5,250279,250283,250056.5,250405.5,349,3,S288c,Deletion,243583.5,left,Interstitial,98011
C7,chr5,443491,443531,443407,446608,3201,3,S288c,Recombination,122991,right,Interstitial,291361.5
C7,chr5,2014,2035,2014,4127,2113,6,S288c,Deletion,0,left,Interstitial,147918.5
C7,chr5,565722,565746,565716.5,566122.5,406,7,S288c,Recombination,3476.5,right,Interstitial,413671
C7,chr5,567283,567403,566931.5,567419.5,488,11,S288c,Recombination,2179.5,right,Interstitial,414886
C7,chr5,570697,571746,569560,571746,2186,6,S288c,Recombination,0,right,Interstitial,417514.5
C7,chr6,117629,117908,117234,118127,893,4,S288c,Recombination,111704,left,Interstitial,30441.5
C7,chr6,191880,192050,191870,192057.5,187.5,12,S288c,Deletion,77673.5,right,Interstitial,43301.5
C7,chr6,1148,6097,1148,6139,4991,6,S288c,Deletion,0,left,Interstitial,142429.5
C7,chr6,6250,6354,6241.5,16126,9884.5,5,S288c,Deletion,711.5,left,Interstitial,132442.5
C7,chr7,20940,21037,20935.5,21039,103.5,9,S288c,Recombination,20154.5,left,Interstitial,475940
C7,chr7,405432,405437,403524.5,405442.5,1918,3,S288c,Deletion,402743.5,left,Interstitial,91536.5
C7,chr7,931595,931666,931359,931861,502,5,S288c,Deletion,151774,right,Interstitial,434380
C7,chr7,6476,7126,6349,8278,1929,3,S288c,Deletion,5568,left,Interstitial,488701
C7,chr8,93055,93665,93045,93708.5,663.5,16,S288c,Recombination,87540,left,Interstitial,11936
C7,chr8,453668,453738,453638,453754.5,116.5,3,S288c,Deletion,102350.5,right,Interstitial,347993.5
C7,chr8,525441,528096,525421,528161,2740,7,S288c,Recombination,27944,right,Interstitial,419776.5
C7,chr8,1748,12608,1748,12610.5,10862.5,7,S288c,Deletion,0,left,Interstitial,93034
C7,chr8,554028,554038,554025,554086.5,61.5,3,S288c,Recombination,2018.5,right,Interstitial,448380.5
C7,chr8,554653,555862,554548,555926.5,1378.5,9,S288c,Recombination,178.5,right,Interstitial,448903.5
C7,chr8,556650,562225,556624,562225,5601,4,S288c,Recombination,0,right,Interstitial,450979.5
C7,chr8,531123,553366,529816.5,553454.5,23638,6,S288c,Deletion,2650.5,right,Terminal,424172
C7,chr9,393177,393280,392038.5,393319.5,1281,10,S288c,Recombination,45748.5,right,Interstitial,36351.5
C7,chr9,27118,27132,27093,27175.5,82.5,3,S288c,Recombination,19309,left,Interstitial,328511.5
C7,chr9,431874,438768,431814.5,438859.5,7045,9,S288c,Deletion,208.5,right,Interstitial,76127.5
C7,chr10,204142,204184,200798.5,204231.5,3433,4,S288c,Recombination,193031.5,left,Interstitial,232134.5
C7,chr10,354785,354975,354738.5,355211.5,473,3,S288c,Deletion,346971.5,left,Interstitial,81154.5
C7,chr10,400246,400272,400109,400287.5,178.5,7,S288c,Deletion,344614.5,right,Interstitial,36078.5
C7,chr10,25319,25352,25014.5,25355,340.5,7,S288c,Recombination,17247.5,left,Interstitial,411011
C7,chr10,745609,745627,745603.5,745627,23.5,3,S288c,Recombination,0,right,Interstitial,309237.5
C7,chr11,218,259,218,507,289,3,S288c,Recombination,0,left,Interstitial,439680.5
C7,chr11,15613,15618,15610,15630,20,3,S288c,Deletion,14803,left,Interstitial,424557.5
C7,chr12,773403,774798,773325,774936,1611,6,S288c,Recombination,289345,right,Interstitial,622437.5
C7,chr12,1059564,1059775,1059518.5,1059813.5,295,9,S288c,Recombination,4467.5,right,Interstitial,908631
C7,chr12,1063453,1064276,1062835.5,1064276,1440.5,4,S288c,Recombination,5,right,Interstitial,911948
C7,chr13,908174,908218,908156,908562,406,9,YJM789,Recombination,14979,right,Interstitial,640066
C7,chr14,140432,140470,140412.5,140487,74.5,3,S288c,Deletion,132984.5,left,Interstitial,488329.5
C7,chr14,522539,522562,522484,523829,1345,3,S288c,Recombination,259449,right,Interstitial,104987.5
C7,chr14,569990,572360,569982.5,572367,2384.5,11,S288c,Deletion,210911,right,Interstitial,56449.5
C7,chr14,598291,602168,598260,602193,3933,7,S288c,Deletion,181085,right,Interstitial,26623.5
C7,chr14,632116,632300,632062,633309.5,1247.5,5,S288c,Recombination,149968.5,right,Interstitial,3245.5
C7,chr15,24788,24924,24760,25121,361,4,S288c,Recombination,23913,left,Interstitial,301522
C7,chr15,43623,43628,43611,43638,27,4,S288c,Recombination,42764,left,Interstitial,283005
C7,chr15,514974,515138,514971.5,515148.5,177,9,S288c,Deletion,514124.5,left,Interstitial,188328.5
C7,chr15,528181,528185,528146.5,528211,64.5,3,S288c,Deletion,527299.5,left,Interstitial,201503.5
C7,chr15,621642,621669,621534,621847.5,313.5,6,S288c,Recombination,462074.5,right,Interstitial,294891
C7,chr16,63565,64405,63557.5,64453.5,896,15,S288c,Recombination,56334.5,left,Interstitial,491561.5
C7,chr16,581566,581608,581532.5,581625.5,93,5,S288c,Deletion,360770.5,right,Interstitial,25517.5
C7,chr16,856428,856446,853471.5,856895.5,3424,3,S288c,Recombination,85500.5,right,Interstitial,297456.5
C7,chr16,926272,931585,924144.5,931699.5,7555,93,YJM789,Recombination,10696.5,right,Interstitial,368129.5
C8,chr1,27423,27688,27421.5,27927.5,506,7,S288c,Recombination,26620.5,left,Interstitial,123596
C8,chr1,2501,2542,2501,2592.5,91.5,8,S288c,Recombination,1700,left,Interstitial,148931
C8,chr1,13942,15871,13907,15896,1989,3,S288c,Recombination,13106,left,Interstitial,135627.5
C8,chr1,18553,21596,18535,22062,3527,8,S288c,Deletion,17734,left,Terminal,129461.5
C8,chr2,197731,197825,197659.5,197897,237.5,4,S288c,Recombination,191051.5,left,Interstitial,40368
C8,chr2,464184,464196,464131.5,464233.5,102,3,S288c,Recombination,348145.5,right,Interstitial,225866.5
C8,chr2,6680,6704,6680,6772.5,92.5,5,S288c,Recombination,72,left,Interstitial,231492.5
C8,chr2,7273,8288,7194.5,8297,1102.5,17,S288c,Recombination,586.5,left,Interstitial,229968
C8,chr2,804961,809220,804936.5,809220,4283.5,5,S288c,Deletion,3159,right,Interstitial,566671.5
C8,chr3,151628,151646,149871.5,152096,2224.5,3,S288c,Recombination,148773.5,left,Interstitial,35428.5
C8,chr3,306591,306597,305708,306664,956,3,S288c,Recombination,9119,right,Interstitial,191265
C8,chr3,307325,307339,307253.5,307731.5,478,3,S288c,Deletion,8051.5,right,Interstitial,192810.5
C8,chr3,314486,314591,314479,314591,112,6,S288c,Recombination,1192,right,Interstitial,200036
C8,chr4,200220,200994,199837.5,201193.5,1356,4,S288c,Recombination,198933.5,left,Interstitial,248572.5
C8,chr4,526215,526222,526200.5,526234,33.5,3,S288c,Deletion,525296.5,left,Interstitial,76434.5
C8,chr4,527743,538120,527636.5,538130.5,10494,12,S288c,Recombination,526732.5,left,Interstitial,77870.5
C8,chr4,987310,987753,984211,990275,6064,8,S288c,Recombination,534350,right,Interstitial,534445
C8,chr4,18588,18606,18364.5,18609,244.5,5,S288c,Deletion,17460.5,left,Interstitial,431157
C8,chr4,1523440,1524313,1523395,1524383,988,12,S288c,Deletion,242,right,Interstitial,1073629
C8,chr5,434623,434632,434515,434858.5,343.5,3,S288c,Recombination,134740.5,right,Interstitial,282469.5
C8,chr5,6921,7069,6766,7141,375,13,S288c,Recombination,293,left,Interstitial,144904.5
C8,chr5,565740,565746,565738.5,566122.5,384,3,S288c,Recombination,3476.5,right,Interstitial,413693
C8,chr5,567283,567388,566931.5,567391.5,460,9,S288c,Deletion,2207.5,right,Interstitial,414886
C8,chr5,570697,571746,569560,571746,2186,6,S288c,Recombination,0,right,Interstitial,417514.5
C8,chr6,191827,191885,191813,191899.5,86.5,7,S288c,Deletion,77831.5,right,Interstitial,43244.5
C8,chr6,1148,6354,1148,16126,14978,14,S288c,Recombination,0,left,Interstitial,132442.5
C8,chr7,21023,21094,20998,21101,103,9,S288c,Recombination,20217,left,Interstitial,475878
C8,chr7,882606,882621,882597.5,882636.5,39,3,S288c,Deletion,200998.5,right,Interstitial,385618.5
C8,chr7,931595,931666,931359,931861,502,5,S288c,Deletion,151774,right,Interstitial,434380
C8,chr7,11076,11108,10822.5,11135,312.5,3,S288c,Recombination,10041.5,left,Interstitial,485844
C8,chr8,91899,92149,88558.5,92190.5,3632,3,S288c,Deletion,83053.5,left,Interstitial,13454
C8,chr8,93086,93302,93077,93478.5,401.5,9,S288c,Deletion,87572,left,Interstitial,12166
C8,chr8,194188,194377,194109.5,194432,322.5,6,S288c,Recombination,188604.5,left,Interstitial,88465
C8,chr8,212499,212536,212396,214385.5,1989.5,3,YJM789,Recombination,206891,left,Interstitial,106751.5
C8,chr8,528460,531123,528447.5,531132,2684.5,4,S288c,Deletion,24973,right,Interstitial,422803
C8,chr8,1569,12616,1569,12639,11070,11,S288c,Deletion,0,left,Interstitial,93005.5
C8,chr8,554280,554389,554241,554798.5,557.5,4,S288c,Recombination,1306.5,right,Interstitial,448596.5
C8,chr8,556650,556718,556484,559471.5,2987.5,3,S288c,Deletion,0,right,Interstitial,450839.5
C8,chr9,393177,393280,392038.5,393319.5,1281,10,S288c,Deletion,45748.5,right,Interstitial,36351.5
C8,chr9,437940,439006,434907,439006,4099,11,S288c,Recombination,62,right,Interstitial,79220
C8,chr10,327501,328877,326961.5,329006,2044.5,6,YJM789,Recombination,319194.5,left,Interstitial,107360
C8,chr10,354785,354975,354738.5,355211.5,473,3,S288c,Deletion,346971.5,left,Interstitial,81154.5
C8,chr10,367233,367302,365160,374473,9313,4,S288c,Recombination,357393,left,Interstitial,61893
C8,chr10,25319,25326,25014.5,25333,318.5,3,S288c,Deletion,17247.5,left,Interstitial,411033
C8,chr11,218,733,218,744,526,5,S288c,Deletion,0,left,Interstitial,439443.5
C8,chr11,15613,15648,15610,15649.5,39.5,5,S288c,Recombination,14803,left,Interstitial,424538
C8,chr11,664494,664525,664402,664758.5,356.5,3,S288c,Recombination,1145.5,right,Interstitial,224214.5
C8,chr12,1059588,1059711,1059508,1059720.5,212.5,5,S288c,Recombination,4560.5,right,Interstitial,908620.5
C8,chr12,1060404,1061638,1060311,1061657,1346,5,S288c,Deletion,2624,right,Interstitial,909423.5
C8,chr12,1064268,1064276,1063860.5,1064276,415.5,3,S288c,Recombination,5,right,Interstitial,912973
C8,chr13,378496,378514,375409,378622,3213,3,S288c,Recombination,369065,left,Interstitial,107319
C8,chr13,908174,908218,908156,908562,406,9,YJM789,Recombination,14979,right,Interstitial,640066
C8,chr14,522030,522438,520553.5,522488.5,1935,6,S288c,Recombination,260789.5,right,Interstitial,106328
C8,chr14,570034,570167,570027,571263.5,1236.5,5,S288c,Deletion,212014.5,right,Interstitial,57553
C8,chr14,602168,602262,601090,602269.5,1179.5,6,S288c,Deletion,181008.5,right,Interstitial,26547
C8,chr14,632116,632300,632062,633309.5,1247.5,5,S288c,Deletion,149968.5,right,Interstitial,3245.5
C8,chr14,8936,8986,8936,9083.5,147.5,3,S288c,Recombination,1508,left,Interstitial,619733
C8,chr15,24643,24665,23582.5,24667,1084.5,4,S288c,Recombination,22735.5,left,Interstitial,301976
C8,chr15,514953,515169,514941,515191.5,250.5,14,S288c,Deletion,514094,left,Interstitial,188298
C8,chr15,528181,528185,528146.5,528211,64.5,3,S288c,Recombination,527299.5,left,Interstitial,201503.5
C8,chr15,621642,621669,621534,621847.5,313.5,6,S288c,Recombination,462074.5,right,Interstitial,294891
C8,chr15,1073008,1073030,1072265.5,1074275.5,2010,5,S288c,Recombination,9646.5,right,Interstitial,745622.5
C8,chr16,63582,64405,63573.5,64453.5,880,14,S288c,Deletion,56350.5,left,Interstitial,491561.5
C8,chr16,97603,97672,97427.5,97684,256.5,4,S288c,Deletion,90204.5,left,Interstitial,458331
C8,chr16,581566,581643,581532.5,581652.5,120,6,S288c,Deletion,360743.5,right,Interstitial,25517.5
C8,chr16,856428,856446,853471.5,856895.5,3424,3,S288c,Recombination,85500.5,right,Interstitial,297456.5
C9,chr1,27681,27688,27552,27927.5,375.5,4,S288c,Recombination,26751,left,Interstitial,123596
C9,chr1,2501,2542,2501,2592.5,91.5,8,S288c,Recombination,1700,left,Interstitial,148931
C9,chr1,12190,13246,11966.5,13329.5,1363,4,S288c,Recombination,11165.5,left,Interstitial,138194
C9,chr1,13798,15921,13726,15983.5,2257.5,9,S288c,Recombination,12925,left,Interstitial,135540
C9,chr1,18553,21596,18535,22062,3527,8,S288c,Recombination,17734,left,Terminal,129461.5
C9,chr2,6680,6704,6680,6772.5,92.5,5,S288c,Deletion,72,left,Interstitial,231492.5
C9,chr2,7273,8288,7194.5,8297,1102.5,17,S288c,Recombination,586.5,left,Interstitial,229968
C9,chr3,151628,151646,149871.5,152096,2224.5,3,S288c,Recombination,148773.5,left,Interstitial,35428.5
C9,chr3,292616,292633,292608.5,292675.5,67,5,S288c,Recombination,23107.5,right,Interstitial,178165.5
C9,chr3,295091,295215,295085.5,295294.5,209,4,S288c,Deletion,20488.5,right,Interstitial,180642.5
C9,chr3,303851,303967,303836,304082.5,246.5,6,S288c,Recombination,11700.5,right,Interstitial,189393
C9,chr3,306591,306597,306583,306664,81,3,S288c,Recombination,9119,right,Interstitial,192140
C9,chr3,307325,307339,307253.5,307731.5,478,3,S288c,Deletion,8051.5,right,Interstitial,192810.5
C9,chr3,314439,314591,314401.5,314591,189.5,10,S288c,Recombination,1192,right,Interstitial,199958.5
C9,chr4,526687,526734,526681,526737.5,56.5,5,S288c,Deletion,525777,left,Interstitial,76915
C9,chr4,537994,538069,532868.5,538094.5,5226,10,S288c,Recombination,531964.5,left,Interstitial,83102.5
C9,chr4,987440,987753,987375,990275,2900,7,S288c,Recombination,534350,right,Interstitial,537609
C9,chr4,18588,18606,18364.5,18609,244.5,5,S288c,Recombination,17460.5,left,Interstitial,431157
C9,chr4,1524260,1524477,1523916,1524477,561,11,S288c,Recombination,148,right,Interstitial,1074150
C9,chr5,250279,250283,250056.5,250405.5,349,3,S288c,Deletion,243583.5,left,Interstitial,98011
C9,chr5,443491,449685,443407,449722,6315,4,S288c,Recombination,119877,right,Interstitial,291361.5
C9,chr5,2014,2035,2014,4127,2113,6,S288c,Recombination,0,left,Interstitial,147918.5
C9,chr5,6973,7069,6970.5,7141,170.5,10,S288c,Recombination,497.5,left,Interstitial,144904.5
C9,chr5,561766,561809,561762.5,561833.5,71,3,S288c,Deletion,7765.5,right,Interstitial,409717
C9,chr5,567283,567403,566931.5,567419.5,488,11,S288c,Deletion,2179.5,right,Interstitial,414886
C9,chr6,117629,117908,117234,118127,893,4,S288c,Recombination,111704,left,Interstitial,30441.5
C9,chr6,6306,6354,6269.5,16126,9856.5,3,S288c,Recombination,739.5,left,Interstitial,132442.5
C9,chr7,20962,21118,20953.5,21124,170.5,15,S288c,Recombination,20172.5,left,Interstitial,475855
C9,chr7,496982,496991,496965,496998,33,3,S288c,Deletion,496184,left,Interstitial,0
C9,chr7,931595,931666,931359,931861,502,5,S288c,Recombination,151774,right,Interstitial,434380
C9,chr8,91899,92149,88558.5,92190.5,3632,3,S288c,Recombination,83053.5,left,Interstitial,13454
C9,chr8,93086,93302,93077,93478.5,401.5,9,S288c,Deletion,87572,left,Interstitial,12166
C9,chr8,93824,93833,93797,94462.5,665.5,4,S288c,Deletion,88292,left,Interstitial,11182
C9,chr8,525441,528096,525421,528161,2740,7,S288c,Deletion,27944,right,Interstitial,419776.5
C9,chr8,1672,2043,1672,7325.5,5653.5,5,S288c,Recombination,0,left,Interstitial,98319
C9,chr8,554022,554038,554002,554086.5,84.5,4,S288c,Recombination,2018.5,right,Interstitial,448357.5
C9,chr8,554280,555862,554241,555926.5,1685.5,7,S288c,Recombination,178.5,right,Interstitial,448596.5
C9,chr8,556650,556718,556624,556718,94,3,S288c,Deletion,0,right,Interstitial,450979.5
C9,chr8,531123,553366,529816.5,553454.5,23638,6,S288c,Deletion,2650.5,right,Terminal,424172
C9,chr9,393177,393359,392038.5,393377,1338.5,11,S288c,Recombination,45691,right,Interstitial,36351.5
C9,chr9,19415,19483,19415,19522.5,107.5,4,S288c,Recombination,11631,left,Interstitial,336164.5
C9,chr9,431874,437994,431814.5,438379.5,6565,7,S288c,Deletion,688.5,right,Interstitial,76127.5
C9,chr10,204142,204184,200798.5,204231.5,3433,4,S288c,Deletion,193031.5,left,Interstitial,232134.5
C9,chr10,338816,338882,338492,338937.5,445.5,4,S288c,Deletion,330725,left,Interstitial,97428.5
C9,chr10,354785,354975,354738.5,355211.5,473,3,S288c,Recombination,346971.5,left,Interstitial,81154.5
C9,chr10,367233,367302,365160,374473,9313,4,S288c,Recombination,357393,left,Interstitial,61893
C9,chr10,400246,400272,400109,400287.5,178.5,7,S288c,Deletion,344614.5,right,Interstitial,36078.5
C9,chr10,745593,745627,736360.5,745627,9266.5,6,S288c,Recombination,0,right,Interstitial,299994.5
C9,chr11,218,733,218,744,526,5,S288c,Recombination,0,left,Interstitial,439443.5
C9,chr11,666404,666468,665728,666468,740,6,S288c,Deletion,0,right,Interstitial,225540.5
C9,chr12,1059588,1059711,1059576,1059720.5,144.5,5,S288c,Deletion,4560.5,right,Interstitial,908688.5
C9,chr12,1060128,1061599,1060002,1061617,1615,6,S288c,Recombination,2664,right,Interstitial,909114.5
C9,chr12,1061917,1062086,1061909.5,1062125.5,216,3,S288c,Deletion,2155.5,right,Interstitial,911022
C9,chr12,1063453,1064276,1062835.5,1064276,1440.5,4,S288c,Deletion,5,right,Interstitial,911948
C9,chr13,908174,908218,908156,908562,406,9,YJM789,Recombination,14979,right,Interstitial,640066
C9,chr14,522030,522539,520553.5,523817.5,3264,7,S288c,Recombination,259460.5,right,Interstitial,104999
C9,chr14,570162,572374,570151,572451.5,2300.5,6,S288c,Deletion,210826.5,right,Interstitial,56365
C9,chr14,598433,602262,598362,602269.5,3907.5,10,S288c,Recombination,181008.5,right,Interstitial,26547
C9,chr14,8936,8986,8936,9137.5,201.5,3,S288c,Recombination,1508,left,Interstitial,619679
C9,chr15,24643,24924,23582.5,25121,1538.5,14,S288c,Deletion,22735.5,left,Interstitial,301522
C9,chr15,515034,515169,515004,515191.5,187.5,9,S288c,Deletion,514157,left,Interstitial,188361
C9,chr15,528181,528185,528146.5,528211,64.5,3,S288c,Deletion,527299.5,left,Interstitial,201503.5
C9,chr15,621420,622026,621414.5,622032,617.5,9,S288c,Deletion,461890,right,Interstitial,294771.5
C9,chr15,623442,623454,623436,623884,448,4,S288c,Recombination,460038,right,Interstitial,296793
C9,chr15,1073008,1073030,1072265.5,1074275.5,2010,5,S288c,Deletion,9646.5,right,Interstitial,745622.5
C9,chr16,63616,63738,63600,64071.5,471.5,10,S288c,Deletion,56377,left,Interstitial,491943.5
C9,chr16,97603,97672,97427.5,97684,256.5,4,S288c,Deletion,90204.5,left,Interstitial,458331
C9,chr16,581375,581608,581273.5,581625.5,352,14,S288c,Recombination,360770.5,right,Interstitial,25258.5
C9,chr16,882586,882596,882584.5,882602,17.5,3,S288c,Deletion,59794,right,Interstitial,326569.5
C9,chr16,19227,19253,18507,19260.5,753.5,5,YJM789,Recombination,11284,left,Interstitial,536754.5
C11,chr1,127881,136160,127726.5,138672,10945.5,24,YJM789,Recombination,90739,right,Interstitial,12851.5
C11,chr1,2501,2542,2501,2592.5,91.5,8,S288c,Deletion,1700,left,Interstitial,148931
C11,chr1,13942,16046,13907,16072,2165,5,S288c,Recombination,13106,left,Interstitial,135451.5
C11,chr1,18553,21596,18535,22062,3527,8,S288c,Deletion,17734,left,Terminal,129461.5
C11,chr2,6680,6704,6680,6772.5,92.5,5,S288c,Deletion,72,left,Interstitial,231492.5
C11,chr2,8174,8253,7645,8266.5,621.5,10,S288c,Recombination,1037,left,Interstitial,229998.5
C11,chr3,4351,4371,4323.5,4430,106.5,4,S288c,Recombination,3225.5,left,Interstitial,110013
C11,chr3,303851,304205,303836,305344,1508,7,S288c,Deletion,10439,right,Interstitial,189393
C11,chr3,306591,306597,306583,306664,81,3,S288c,Recombination,9119,right,Interstitial,192140
C11,chr4,220433,220463,220409,220776.5,367.5,3,S288c,Deletion,219505,left,Interstitial,228989.5
C11,chr4,526651,526741,526622.5,526752,129.5,10,S288c,Recombination,525718.5,left,Interstitial,76856.5
C11,chr4,758288,759662,757871,759677,1806,4,S288c,Recombination,756967,left,Interstitial,308105
C11,chr4,981087,987753,981081,990275,9194,10,S288c,Deletion,534350,right,Interstitial,531315
C11,chr4,18120,18590,18009,18596.5,587.5,4,S288c,Deletion,17105,left,Interstitial,431169.5
C11,chr4,1523563,1524477,1523522.5,1524477,954.5,14,S288c,Deletion,148,right,Interstitial,1073756.5
C11,chr5,250279,250283,250056.5,250405.5,349,3,S288c,Recombination,243583.5,left,Interstitial,98011
C11,chr5,5461,6318,5297,6464.5,1167.5,7,S288c,Deletion,0,left,Interstitial,145581
C11,chr5,565729,565746,565725.5,566122.5,397,6,S288c,Recombination,3476.5,right,Interstitial,413680
C11,chr5,567283,567355,566931.5,567365,433.5,7,S288c,Deletion,2234,right,Interstitial,414886
C11,chr5,570697,571421,569560,571421,1861,3,S288c,Recombination,0,right,Interstitial,417514.5
C11,chr6,1148,6097,1148,6139,4991,6,S288c,Deletion,0,left,Interstitial,142429.5
C11,chr6,6306,6354,6289,16126,9837,3,S288c,Deletion,759,left,Interstitial,132442.5
C11,chr7,20940,20945,20935.5,20953.5,18,3,S288c,Deletion,20154.5,left,Interstitial,476025.5
C11,chr7,439216,439864,439106.5,440151,1044.5,4,YJM789,Recombination,438325.5,left,Interstitial,56828
C11,chr7,456509,457292,456067,457506.5,1439.5,8,YJM789,Recombination,455286,left,Interstitial,39472.5
C11,chr7,931595,931666,931359,931861,502,5,S288c,Deletion,151774,right,Interstitial,434380
C11,chr7,1079039,1079127,1073804,1079127,5323,4,S288c,Recombination,4508,right,Interstitial,576825
C11,chr8,93086,93290,93077,93296,219,8,S288c,Deletion,87572,left,Interstitial,12348.5
C11,chr8,93824,93833,93797,94462.5,665.5,4,S288c,Deletion,88292,left,Interstitial,11182
C11,chr8,1569,12616,1569,12639,11070,11,S288c,Deletion,0,left,Interstitial,93005.5
C11,chr8,556598,562225,556586.5,562225,5638.5,5,S288c,Deletion,0,right,Interstitial,450942
C11,chr9,438975,439006,438963,439006,43,4,S288c,Recombination,62,right,Interstitial,83276
C11,chr10,354785,354975,354738.5,355211.5,473,3,S288c,Deletion,346971.5,left,Interstitial,81154.5
C11,chr10,367233,367302,365160,374473,9313,4,S288c,Recombination,357393,left,Interstitial,61893
C11,chr10,25319,25340,25014.5,25343,328.5,4,S288c,Deletion,17247.5,left,Interstitial,411023
C11,chr10,745543,745627,736335.5,745627,9291.5,7,S288c,Deletion,0,right,Interstitial,299969.5
C11,chr11,218,755,218,818.5,600.5,6,S288c,Recombination,0,left,Interstitial,439369
C11,chr11,15613,15618,15610,15630,20,3,S288c,Recombination,14803,left,Interstitial,424557.5
C11,chr11,664494,664525,664402,664758.5,356.5,3,S288c,Recombination,1145.5,right,Interstitial,224214.5
C11,chr12,97108,97147,96638.5,97150,511.5,3,S288c,Recombination,84553.5,left,Interstitial,53737.5
C11,chr12,1059711,1059775,1059670,1059813.5,143.5,4,S288c,Recombination,4467.5,right,Interstitial,908782.5
C11,chr12,1060207,1061559,1060167.5,1061579,1411.5,4,S288c,Deletion,2702,right,Interstitial,909280
C11,chr12,1061824,1062016,1061803.5,1062051,247.5,4,S288c,Deletion,2230,right,Interstitial,910916
C11,chr12,1063453,1064276,1062835.5,1064276,1440.5,4,S288c,Recombination,5,right,Interstitial,911948
C11,chr13,908174,908218,908156,908562,406,9,YJM789,Recombination,14979,right,Interstitial,640066
C11,chr14,522030,522438,520553.5,522495,1941.5,6,S288c,Recombination,260783,right,Interstitial,106321.5
C11,chr14,570113,572277,570073.5,572318.5,2245,6,S288c,Deletion,210959.5,right,Interstitial,56498
C11,chr14,598433,602168,598362,602193,3831,6,S288c,Deletion,181085,right,Interstitial,26623.5
C11,chr14,8936,8986,8936,9083.5,147.5,3,S288c,Recombination,1508,left,Interstitial,619733
C11,chr15,24643,24655,24564.5,24660,95.5,3,S288c,Recombination,23717.5,left,Interstitial,301983
C11,chr15,514925,515119,514903.5,515128.5,225,13,S288c,Deletion,514056.5,left,Interstitial,188260.5
C11,chr15,528181,528185,528146.5,528211,64.5,3,S288c,Recombination,527299.5,left,Interstitial,201503.5
C11,chr15,621642,622038,621534,622043.5,509.5,8,S288c,Deletion,461878.5,right,Interstitial,294891
C11,chr15,683694,687317,683650.5,687528,3877.5,14,S288c,Recombination,396394,right,Interstitial,357007.5
C11,chr15,970210,970235,970198,973365,3167,4,S288c,Deletion,110557,right,Interstitial,643555
C11,chr16,581566,581662,581532.5,581681.5,149,7,S288c,Deletion,360714.5,right,Interstitial,25517.5
C11,chr16,856428,856446,853471.5,856895.5,3424,3,S288c,Recombination,85500.5,right,Interstitial,297456.5
C11,chr16,13106,16500,13106,16554,3448,3,S288c,Recombination,5883,left,Interstitial,539461
C13,chr1,27681,27688,27669.5,27927.5,258,4,S288c,Recombination,26868.5,left,Interstitial,123596
C13,chr1,203798,203816,203694,203822,128,6,S288c,Recombination,25589,right,Interstitial,52170.5
C13,chr1,12190,13246,11966.5,13329.5,1363,4,S288c,Recombination,11165.5,left,Interstitial,138194
C13,chr1,13830,15921,13818.5,15983.5,2165,7,S288c,Recombination,13017.5,left,Interstitial,135540
C13,chr1,18553,21596,18535,22704.5,4169.5,8,S288c,Deletion,17734,left,Terminal,128819
C13,chr2,6680,8253,6680,8266.5,1586.5,16,S288c,Recombination,72,left,Interstitial,229998.5
C13,chr3,151628,151646,149871.5,152096,2224.5,3,S288c,Recombination,148773.5,left,Interstitial,35428.5
C13,chr3,303922,304205,303903,304252,349,4,S288c,Deletion,11531,right,Interstitial,189460
C13,chr3,306591,306597,306583,306664,81,3,S288c,Recombination,9119,right,Interstitial,192140
C13,chr3,314439,314591,314401.5,314591,189.5,10,S288c,Recombination,1192,right,Interstitial,199958.5
C13,chr4,220385,220463,220379,220776.5,397.5,4,S288c,Deletion,219475,left,Interstitial,228989.5
C13,chr4,408706,409788,408586,409841,1255,7,YJM789,Recombination,407682,left,Interstitial,39925
C13,chr4,526687,526864,526681,526873,192,13,S288c,Deletion,525777,left,Interstitial,76915
C13,chr4,537994,538054,532868.5,538055.5,5187,7,S288c,Recombination,531964.5,left,Interstitial,83102.5
C13,chr4,759660,759692,758557,759703,1146,3,S288c,Recombination,757653,left,Interstitial,308791
C13,chr4,987440,987578,987375,987664,289,5,S288c,Recombination,536961,right,Interstitial,537609
C13,chr4,17898,18624,17679.5,18637.5,958,11,S288c,Deletion,16775.5,left,Interstitial,431128.5
C13,chr4,1523563,1524477,1523522.5,1524477,954.5,14,S288c,Deletion,148,right,Interstitial,1073756.5
C13,chr5,250279,250283,250056.5,250405.5,349,3,S288c,Recombination,243583.5,left,Interstitial,98011
C13,chr5,6965,7001,6943,7011,68,7,S288c,Deletion,470,left,Interstitial,145034.5
C13,chr5,564372,564431,564366,564446,80,3,S288c,Recombination,5153,right,Interstitial,412320.5
C13,chr5,567283,567388,566931.5,567391.5,460,9,S288c,Recombination,2207.5,right,Interstitial,414886
C13,chr5,570743,571746,570720,571746,1026,5,S288c,Recombination,0,right,Interstitial,418674.5
C13,chr6,191847,191914,191841.5,191922,80.5,6,S288c,Recombination,77809,right,Interstitial,43273
C13,chr6,6093,6354,6079.5,16126,10046.5,8,S288c,Deletion,549.5,left,Interstitial,132442.5
C13,chr7,20973,21041,20967.5,21059,91.5,6,S288c,Recombination,20186.5,left,Interstitial,475920
C13,chr7,111582,111614,111190.5,111616,425.5,6,S288c,Recombination,110409.5,left,Interstitial,385363
C13,chr7,405432,405437,403524.5,405442.5,1918,3,S288c,Deletion,402743.5,left,Interstitial,91536.5
C13,chr7,931595,931666,931359,931861,502,5,S288c,Deletion,151774,right,Interstitial,434380
C13,chr7,11076,11108,10822.5,11135,312.5,3,S288c,Recombination,10041.5,left,Interstitial,485844
C13,chr8,93086,93655,93077,93657,580,10,S288c,Deletion,87572,left,Interstitial,11987.5
C13,chr8,193075,193183,193024,193214,190,3,S288c,Deletion,187519,left,Interstitial,87379.5
C13,chr8,212499,212536,212396,214385.5,1989.5,3,YJM789,Recombination,206891,left,Interstitial,106751.5
C13,chr8,453724,453771,453696,453792.5,96.5,3,S288c,Recombination,102312.5,right,Interstitial,348051.5
C13,chr8,1569,12664,1569,12692.5,11123.5,13,S288c,Deletion,0,left,Interstitial,92952
C13,chr8,556384,562225,556304.5,562225,5920.5,7,S288c,Recombination,0,right,Interstitial,450660
C13,chr8,531123,553366,529816.5,553454.5,23638,6,S288c,Recombination,2650.5,right,Terminal,424172
C13,chr9,393188,393280,393187,393319.5,132.5,7,S288c,Recombination,45748.5,right,Interstitial,37500
C13,chr9,437940,437994,434907,438379.5,3472.5,6,S288c,Recombination,688.5,right,Interstitial,79220
C13,chr10,367233,367302,365160,374473,9313,4,S288c,Recombination,357393,left,Interstitial,61893
C13,chr10,400246,400258,400109,400259,150,3,S288c,Recombination,344643,right,Interstitial,36107
C13,chr10,24438,24442,24438,24451.5,13.5,3,S288c,Recombination,16671,left,Interstitial,411914.5
C13,chr10,745543,745627,736335.5,745627,9291.5,7,S288c,Deletion,0,right,Interstitial,299969.5
C13,chr11,218,733,218,744,526,5,S288c,Deletion,0,left,Interstitial,439443.5
C13,chr11,1115,1284,1091,2002,911,4,S288c,Recombination,284,left,Interstitial,438185.5
C13,chr11,15594,15618,15435.5,15630,194.5,9,S288c,Recombination,14628.5,left,Interstitial,424557.5
C13,chr11,664494,664525,664402,664758.5,356.5,3,S288c,Recombination,1145.5,right,Interstitial,224214.5
C13,chr12,1059588,1059731,1059576,1059753,177,7,S288c,Recombination,4528,right,Interstitial,908688.5
C13,chr12,1060207,1061599,1060167.5,1061617,1449.5,5,S288c,Recombination,2664,right,Interstitial,909280
C13,chr12,1061902,1062016,1061863,1062051,188,3,S288c,Recombination,2230,right,Interstitial,910975.5
C13,chr12,1064268,1064276,1063860.5,1064276,415.5,3,S288c,Recombination,5,right,Interstitial,912973
C13,chr13,378496,378514,375409,378622,3213,3,S288c,Recombination,369065,left,Interstitial,107319
C13,chr13,908174,908218,908156,908562,406,9,YJM789,Recombination,14979,right,Interstitial,640066
C13,chr13,923213,923712,920353,923712,3359,14,YJM789,Recombination,0,right,Interstitial,652263
C13,chr14,40852,43576,40641,43693,3052,23,S288c,Recombination,33213,left,Interstitial,585123.5
C13,chr14,569961,572374,569951.5,572451.5,2500,14,S288c,Recombination,210826.5,right,Interstitial,56365
C13,chr14,632116,632300,632062,633309.5,1247.5,5,S288c,Deletion,149968.5,right,Interstitial,3245.5
C13,chr15,238432,242133,238151,242200,4049,28,YJM789,Recombination,237304,left,Interstitial,84443
C13,chr15,514953,515138,514941,515148.5,207.5,12,S288c,Recombination,514094,left,Interstitial,188298
C13,chr15,528181,528185,528146.5,528211,64.5,3,S288c,Deletion,527299.5,left,Interstitial,201503.5
C13,chr15,621409,621669,621365,621847.5,482.5,9,S288c,Deletion,462074.5,right,Interstitial,294722
C13,chr15,622476,622485,622461,622492.5,31.5,4,S288c,Deletion,461429.5,right,Interstitial,295818
C13,chr15,970210,970235,970198,973365,3167,4,S288c,Deletion,110557,right,Interstitial,643555
C13,chr15,1073008,1073030,1072265.5,1074275.5,2010,5,S288c,Recombination,9646.5,right,Interstitial,745622.5
C13,chr16,63623,64405,63619.5,64453.5,834,10,S288c,Deletion,56396.5,left,Interstitial,491561.5
C13,chr16,581566,581608,581532.5,581625.5,93,5,S288c,Recombination,360770.5,right,Interstitial,25517.5
C13,chr16,856428,856446,853471.5,856895.5,3424,3,S288c,Recombination,85500.5,right,Interstitial,297456.5
C13,chr16,19227,19253,18507,19260.5,753.5,5,S288c,Recombination,11284,left,Interstitial,536754.5
C13,chr16,943050,943160,942993,943160,167,3,S288c,Recombination,0,right,Interstitial,386978
C15,chr1,25190,25207,25070.5,25290.5,220,4,S288c,Recombination,24269.5,left,Interstitial,126233
C15,chr1,27681,27688,27669.5,27927.5,258,4,S288c,Recombination,26868.5,left,Interstitial,123596
C15,chr1,203798,203860,203694,203886,192,9,S288c,Deletion,25525,right,Interstitial,52170.5
C15,chr1,2501,2542,2501,2592.5,91.5,8,S288c,Deletion,1700,left,Interstitial,148931
C15,chr1,13830,15921,13818.5,15983.5,2165,7,S288c,Recombination,13017.5,left,Interstitial,135540
C15,chr1,18377,21596,17320.5,22062,4741.5,15,S288c,Deletion,16519.5,left,Terminal,129461.5
C15,chr2,151212,174060,150996.5,174297.5,23301,105,S288c,Recombination,144388.5,left,Interstitial,63967.5
C15,chr2,6680,6704,6680,6772.5,92.5,5,S288c,Deletion,72,left,Interstitial,231492.5
C15,chr2,7481,8280,7298.5,8293,994.5,12,S288c,Recombination,690.5,left,Interstitial,229972
C15,chr3,295070,295215,295025,295294.5,269.5,7,S288c,Recombination,20488.5,right,Interstitial,180582
C15,chr3,306591,306597,305708,306664,956,3,S288c,Recombination,9119,right,Interstitial,191265
C15,chr3,307325,307339,307253.5,307731.5,478,3,S288c,Deletion,8051.5,right,Interstitial,192810.5
C15,chr3,314573,314591,314535.5,314591,55.5,4,S288c,Recombination,1192,right,Interstitial,200092.5
C15,chr4,220373,220463,219856.5,220776.5,920,5,S288c,Recombination,218952.5,left,Interstitial,228989.5
C15,chr4,526669,526810,526663,526846,183,12,S288c,Deletion,525759,left,Interstitial,76897
C15,chr4,981071,981112,981068.5,984344,3275.5,6,S288c,Deletion,540281,right,Interstitial,531302.5
C15,chr4,18588,18624,18024.5,18637.5,613,8,S288c,Deletion,17120.5,left,Interstitial,431128.5
C15,chr4,1523563,1524477,1523522.5,1524477,954.5,14,S288c,Recombination,148,right,Interstitial,1073756.5
C15,chr5,250279,250283,250056.5,250405.5,349,3,S288c,Deletion,243583.5,left,Interstitial,98011
C15,chr5,2014,2035,2014,4127,2113,6,YJM789,Recombination,0,left,Interstitial,147918.5
C15,chr5,6968,7069,6966.5,7141,174.5,11,S288c,Deletion,493.5,left,Interstitial,144904.5
C15,chr5,564355,564431,564349,564446,97,5,S288c,Recombination,5153,right,Interstitial,412303.5
C15,chr5,567283,567355,566931.5,567365,433.5,7,S288c,Deletion,2234,right,Interstitial,414886
C15,chr5,571421,571746,569922,571746,1824,4,S288c,Recombination,0,right,Interstitial,417876.5
C15,chr6,191856,191885,191851.5,191899.5,48,4,S288c,Deletion,77831.5,right,Interstitial,43283
C15,chr6,6306,6354,6289,16126,9837,3,S288c,Recombination,759,left,Interstitial,132442.5
C15,chr8,91899,92149,88558.5,92190.5,3632,3,S288c,Recombination,83053.5,left,Interstitial,13454
C15,chr8,192973,193114,192950.5,193148.5,198,3,S288c,Deletion,187445.5,left,Interstitial,87306
C15,chr8,194221,194377,194206,194432,226,4,S288c,Deletion,188701,left,Interstitial,88561.5
C15,chr8,453668,453738,453638,453754.5,116.5,3,S288c,Deletion,102350.5,right,Interstitial,347993.5
C15,chr8,554362,554984,554330,555219,889,6,S288c,Recombination,886,right,Interstitial,448685.5
C15,chr8,556650,562225,556484,562225,5741,4,S288c,Deletion,0,right,Interstitial,450839.5
C15,chr9,431874,437994,431814.5,438379.5,6565,7,S288c,Recombination,688.5,right,Interstitial,76127.5
C15,chr10,204142,204184,200798.5,204231.5,3433,4,S288c,Recombination,193031.5,left,Interstitial,232134.5
C15,chr10,354785,354975,354738.5,355211.5,473,3,S288c,Recombination,346971.5,left,Interstitial,81154.5
C15,chr10,367233,367302,365160,374473,9313,4,S288c,Recombination,357393,left,Interstitial,61893
C15,chr10,745593,745598,736360.5,745603.5,9243,3,S288c,Deletion,0,right,Interstitial,299994.5
C15,chr11,218,259,218,491.5,273.5,3,S288c,Recombination,0,left,Interstitial,439696
C15,chr11,664494,664525,664402,664758.5,356.5,3,S288c,Recombination,1145.5,right,Interstitial,224214.5
C15,chr12,95944,96151,95882.5,96158.5,276,3,S288c,Deletion,83797.5,left,Interstitial,54729
C15,chr12,1059588,1059711,1059576,1059781.5,205.5,5,S288c,Recombination,4499.5,right,Interstitial,908688.5
C15,chr12,1060207,1061676,1060167.5,1061686.5,1519,8,S288c,Recombination,2594.5,right,Interstitial,909280
C15,chr12,1063453,1064276,1062835.5,1064276,1440.5,4,S288c,Recombination,5,right,Interstitial,911948
C15,chr13,378496,378514,375409,378622,3213,3,S288c,Recombination,369065,left,Interstitial,107319
C15,chr13,908174,908177,908156,908178,22,3,YJM789,Recombination,15363,right,Interstitial,640066
C15,chr14,599953,602168,599193,602193,3000,5,S288c,Deletion,181085,right,Interstitial,26623.5
C15,chr14,651900,652049,651874.5,652143.5,269,3,S288c,Recombination,131134.5,right,Interstitial,23058
C15,chr14,704548,704577,704496,704635.5,139.5,4,S288c,Recombination,78642.5,right,Interstitial,75679.5
C15,chr14,8936,8986,8936,9155.5,219.5,3,S288c,Recombination,1508,left,Interstitial,619661
C15,chr14,21284,23229,21218,23339.5,2121.5,10,YJM789,Recombination,13790,left,Interstitial,605477
C15,chr15,514954,515169,514953.5,515191.5,238,13,S288c,Deletion,514106.5,left,Interstitial,188310.5
C15,chr15,528181,528185,528146.5,528211,64.5,3,S288c,Recombination,527299.5,left,Interstitial,201503.5
C15,chr15,621420,622026,621414.5,622032,617.5,9,S288c,Deletion,461890,right,Interstitial,294771.5
C15,chr15,623442,623454,623436,623884,448,4,S288c,Deletion,460038,right,Interstitial,296793
C15,chr15,970210,970235,970198,973365,3167,4,S288c,Deletion,110557,right,Interstitial,643555
C15,chr15,1073008,1073030,1072265.5,1074275.5,2010,5,S288c,Recombination,9646.5,right,Interstitial,745622.5
C15,chr16,63582,63627,63573.5,63642,68.5,6,S288c,Deletion,56350.5,left,Interstitial,492373
C15,chr16,97603,97672,97427.5,97684,256.5,4,S288c,Recombination,90204.5,left,Interstitial,458331
C15,chr16,581566,581608,581532.5,581625.5,93,5,S288c,Recombination,360770.5,right,Interstitial,25517.5
C15,chr16,736455,738241,734304.5,738790,4485.5,7,YJM789,Recombination,203606,right,Interstitial,178289.5
C15,chr16,838104,838977,838073.5,839620,1546.5,3,S288c,Recombination,102776,right,Interstitial,282058.5
C15,chr16,882576,882615,882571.5,882623.5,52,8,S288c,Deletion,59772.5,right,Interstitial,326556.5
C15,chr16,19227,19305,18507,19315.5,808.5,8,S288c,Recombination,11284,left,Interstitial,536699.5