S5 Table.  LOH tracts accumulated in MA lines. A minimum of 3 SNPs supports the LOH tracts.,,,,,,,,,,,,,
Line,Chromosome,SNP_start,SNP_end,LOH_start,LOH_end,LOH_width,Number_of_SNPs_supporting_LOH,Fixation,LOH_mechanism,Telomere_distance,Telomere_type,LOH_type,Centromere_distance
Y1,chr1,203588,203590,203270.5,203694,423.5,3,S288c,Deletion,25717,right,Interstitial,51747
Y1,chr4,1154405,1154412,1154363,1155083.5,720.5,3,S288c,Recombination,369541.5,right,Interstitial,704597
Y1,chr5,565711,565731,565693,565734,41,4,S288c,Recombination,3865,right,Interstitial,413647.5
Y1,chr5,566565,566580,566553.5,566931.5,378,3,S288c,Recombination,2667.5,right,Interstitial,414508
Y1,chr5,567403,567461,567399,567463.5,64.5,3,S288c,Recombination,2135.5,right,Interstitial,415353.5
Y1,chr6,258520,259125,258467,259153,686,6,S288c,Recombination,10578,right,Interstitial,109898.5
Y1,chr6,262598,266889,262446.5,266889,4442.5,38,YJM789,Recombination,2842,right,Interstitial,113878
Y1,chr6,250718,258414,249544,258467,8923,52,YJM789,Recombination,11264,right,Terminal,100975.5
Y1,chr7,75341,76021,75316.5,76085,768.5,11,YJM789,Recombination,74535.5,left,Interstitial,420894
Y1,chr7,496875,496909,496821.5,496928.5,107,3,YJM789,Recombination,496040.5,left,Interstitial,50.5
Y1,chr7,568662,568674,568654,571802.5,3148.5,3,S288c,Recombination,511832.5,right,Interstitial,71675
Y1,chr8,553968,554028,553948,554029.5,81.5,4,S288c,Deletion,2075.5,right,Interstitial,448303.5
Y1,chr11,15594,15600,15435.5,15601.5,166,3,S288c,Deletion,14628.5,left,Interstitial,424586
Y1,chr11,666404,666468,666097.5,666468,370.5,6,S288c,Recombination,0,right,Interstitial,225910
Y1,chr15,624314,624339,623884,624340.5,456.5,4,S288c,Deletion,459581.5,right,Interstitial,297241
Y1,chr16,62364,62472,62323,62511,188,3,S288c,Recombination,55100,left,Interstitial,493504
Y1,chr16,63398,63417,63388.5,63436,47.5,5,S288c,Recombination,56165.5,left,Interstitial,492579
Y1,chr16,844407,844419,844239,844420.5,181.5,3,S288c,Recombination,97975.5,right,Interstitial,288224
Y1,chr16,929716,929769,929704,929836,132,6,S288c,Deletion,12560,right,Interstitial,373689
Y2,chr1,27376,27402,27366.5,27403.5,37,5,S288c,Recombination,26565.5,left,Interstitial,124120
Y2,chr3,82578,82589,82566,82606,40,3,S288c,Recombination,81468,left,Interstitial,31837
Y2,chr3,292616,292633,292608.5,292675.5,67,5,S288c,Recombination,23107.5,right,Interstitial,178165.5
Y2,chr5,567403,567461,567399,567463.5,64.5,3,S288c,Recombination,2135.5,right,Interstitial,415353.5
Y2,chr7,496988,497029,496985,497037.5,52.5,6,S288c,Recombination,496204,left,Interstitial,6
Y2,chr8,93014,93035,92996,93045,49,4,S288c,Recombination,87491,left,Interstitial,12599.5
Y2,chr8,525441,525454,525421,525455.5,34.5,5,S288c,Deletion,30649.5,right,Interstitial,419776.5
Y2,chr8,553968,554028,553948,554029.5,81.5,4,S288c,Recombination,2075.5,right,Interstitial,448303.5
Y2,chr11,666404,666421,666097.5,666421,323.5,4,S288c,Recombination,0,right,Interstitial,225910
Y2,chr12,407282,409417,406322,409971,3649,16,S288c,Recombination,394237,left,Interstitial,255434.5
Y2,chr13,244359,245624,244180,245648,1468,4,S288c,Recombination,237836,left,Interstitial,22442
Y2,chr13,809029,813634,808993,813894.5,4901.5,37,S288c,Recombination,109646.5,right,Interstitial,540903
Y2,chr14,632008,632186,631924.5,632243,318.5,5,S288c,Recombination,151035,right,Interstitial,3108
Y2,chr14,688148,717528,687467,717716,30249,153,S288c,Recombination,65562,right,Interstitial,58650.5
Y2,chr15,236223,236235,236091,236569.5,478.5,4,S288c,Recombination,235244,left,Interstitial,90073.5
Y2,chr15,559546,621420,557403.5,621423,64019.5,256,S288c,Recombination,462499,right,Interstitial,230760.5
Y2,chr15,622038,970186,622032,970198,348166,1237,S288c,Recombination,113724,right,Interstitial,295389
Y2,chr15,1075581,1075901,1075568.5,1075901,332.5,6,S288c,Recombination,8021,right,Interstitial,748925.5
Y2,chr15,976495,1071523,973365,1071545,98180,120,S288c,Recombination,12377,right,Terminal,646722
Y2,chr16,216100,217188,215939,217203,1264,12,S288c,Recombination,208716,left,Interstitial,338812
Y2,chr16,844407,844419,844239,844420.5,181.5,3,S288c,Recombination,97975.5,right,Interstitial,288224
Y2,chr16,16933,17787,16932.5,18507,1574.5,5,S288c,Deletion,9709.5,left,Interstitial,537508
Y3,chr1,198664,198677,198656,198692,36,4,S288c,Deletion,30719,right,Interstitial,47132.5
Y3,chr1,203588,203590,203270.5,203694,423.5,3,S288c,Recombination,25717,right,Interstitial,51747
Y3,chr1,2501,2542,2501,2592.5,91.5,8,S288c,Recombination,1700,left,Interstitial,148931
Y3,chr1,13798,15921,13726,15983.5,2257.5,8,S288c,Recombination,12925,left,Interstitial,135540
Y3,chr1,18413,18457,18395,18505,110,3,S288c,Recombination,17594,left,Interstitial,133018.5
Y3,chr3,303851,303884,303836,303903,67,4,S288c,Deletion,11880,right,Interstitial,189393
Y3,chr3,314450,314576,314444.5,314576,131.5,7,S288c,Recombination,1207,right,Interstitial,200001.5
Y3,chr4,329729,329842,329717.5,330065,347.5,3,S288c,Recombination,328813.5,left,Interstitial,119701
Y3,chr4,526219,526246,526201,526256.5,55.5,3,S288c,Deletion,525297,left,Interstitial,76435
Y3,chr4,526741,526864,526717,526873,156,8,S288c,Recombination,525813,left,Interstitial,76951
Y3,chr4,527743,538054,527636.5,538055.5,10419,7,S288c,Recombination,526732.5,left,Interstitial,77870.5
Y3,chr4,757736,759662,757595,759677,2082,4,S288c,Recombination,756691,left,Interstitial,307829
Y3,chr4,1154405,1154412,1154363,1155098.5,735.5,3,S288c,Recombination,369526.5,right,Interstitial,704597
Y3,chr5,78092,81276,77817.5,81494.5,3677,17,YJM789,Recombination,71344.5,left,Interstitial,70551
Y3,chr5,2014,2031,2014,3746,1732,5,YJM789,Recombination,0,left,Interstitial,148299.5
Y3,chr5,6259,73131,6239,74362.5,68123.5,404,YJM789,Recombination,0,left,Terminal,77683
Y3,chr6,191856,192050,191851.5,192057.5,206,14,S288c,Deletion,77673.5,right,Interstitial,43283
Y3,chr6,6065,6097,6065,6139,74,4,S288c,Recombination,535,left,Interstitial,142429.5
Y3,chr7,20931,21025,20926,21030,104,8,S288c,Deletion,20145,left,Interstitial,475949
Y3,chr7,111582,111603,111190.5,111605,414.5,3,S288c,Deletion,110409.5,left,Interstitial,385374
Y3,chr7,882606,882661,882597.5,882666.5,69,5,S288c,Deletion,200968.5,right,Interstitial,385618.5
Y3,chr7,932,954,915.5,966,50.5,4,S288c,Deletion,134.5,left,Interstitial,496013
Y3,chr7,1079039,1079127,1073804,1079127,5323,4,S288c,Recombination,4508,right,Interstitial,576825
Y3,chr8,192973,193183,192950.5,193214,263.5,4,S288c,Deletion,187445.5,left,Interstitial,87306
Y3,chr8,1569,1748,1569,1872.5,303.5,4,S288c,Recombination,0,left,Interstitial,103772
Y3,chr8,555849,555862,555651.5,555926.5,275,3,S288c,Recombination,178.5,right,Interstitial,450007
Y3,chr8,556148,556197,556142,556208.5,66.5,3,S288c,Recombination,0,right,Interstitial,450497.5
Y3,chr10,204142,204184,200798.5,204231.5,3433,4,S288c,Recombination,193031.5,left,Interstitial,232134.5
Y3,chr10,338816,338882,338492,338937.5,445.5,4,S288c,Deletion,330725,left,Interstitial,97428.5
Y3,chr10,400246,400308,400109,400321.5,212.5,9,S288c,Recombination,344580.5,right,Interstitial,36044.5
Y3,chr10,25319,25326,25014.5,25333,318.5,3,S288c,Deletion,17247.5,left,Interstitial,411033
Y3,chr10,745593,745627,745568,745627,59,6,S288c,Recombination,0,right,Interstitial,309202
Y3,chr11,555181,555298,554867.5,555831.5,964,3,S288c,Deletion,110072.5,right,Interstitial,114680
Y3,chr11,15594,15607,15435.5,15624.5,189,6,S288c,Deletion,14628.5,left,Interstitial,424563
Y3,chr14,522030,522508,521973,523802,1829,9,S288c,Recombination,259476,right,Interstitial,105014.5
Y3,chr14,572678,573939,572663,573955.5,1292.5,3,S288c,Deletion,209322.5,right,Interstitial,54861
Y3,chr14,632008,632118,631924.5,632140.5,216,3,S288c,Deletion,151137.5,right,Interstitial,3108
Y3,chr15,31245,31252,31244.5,31254.5,10,3,S288c,Recombination,30397.5,left,Interstitial,295388.5
Y3,chr15,43623,43626,43611,43627,16,3,S288c,Recombination,42764,left,Interstitial,283016
Y3,chr15,515034,515138,515004,515148.5,144.5,8,S288c,Recombination,514157,left,Interstitial,188361
Y3,chr15,622416,622440,622412,622443,31,4,S288c,Recombination,461479,right,Interstitial,295769
Y3,chr15,1073009,1073030,1073008.5,1073362.5,354,4,S288c,Deletion,10559.5,right,Interstitial,746365.5
Y3,chr16,581602,581608,581587,581625.5,38.5,3,S288c,Deletion,360770.5,right,Interstitial,25572
Y3,chr16,19227,19289,18507,19297,790,7,YJM789,Recombination,11284,left,Interstitial,536718
Y5,chr2,238111,238163,238095.5,238174.5,79,3,S288c,Recombination,231487.5,left,Interstitial,90.5
Y5,chr3,82578,82589,82566,82606,40,3,S288c,Recombination,81468,left,Interstitial,31837
Y5,chr3,4296,4371,4296,4430,134,5,S288c,Recombination,3198,left,Interstitial,110013
Y5,chr5,564343,564372,564323.5,564376.5,53,4,S288c,Deletion,5222.5,right,Interstitial,412278
Y5,chr5,565651,565731,565569.5,565734,164.5,6,S288c,Recombination,3865,right,Interstitial,413524
Y5,chr5,567403,567461,567399,567463.5,64.5,3,S288c,Recombination,2135.5,right,Interstitial,415353.5
Y5,chr7,21077,21082,21059,21085,26,3,S288c,Recombination,20278,left,Interstitial,475894
Y5,chr7,497029,497050,497024.5,497054.5,30,3,S288c,Recombination,496243.5,left,Interstitial,45.5
Y5,chr8,525441,525454,525421,525455.5,34.5,5,S288c,Recombination,30649.5,right,Interstitial,419776.5
Y5,chr10,354679,354692,354603,355070,467,3,S288c,Recombination,346836,left,Interstitial,81296
Y5,chr11,15606,15618,15604.5,15630,25.5,5,S288c,Recombination,14797.5,left,Interstitial,424557.5
Y5,chr12,1062165,1062194,1062125.5,1062823.5,698,4,S288c,Recombination,1457.5,right,Interstitial,911238
Y5,chr13,268094,268108,268019.5,268130.5,111,3,S288c,Recombination,261675.5,left,Interstitial,0
Y5,chr15,622038,622045,622032,622046,14,3,S288c,Recombination,461876,right,Interstitial,295389
Y7,chr1,198664,198677,198656,198692,36,4,S288c,Deletion,30719,right,Interstitial,47132.5
Y7,chr1,2501,2542,2501,2592.5,91.5,8,S288c,Recombination,1700,left,Interstitial,148931
Y7,chr1,13807,15921,13802.5,15983.5,2181,7,S288c,Recombination,13001.5,left,Interstitial,135540
Y7,chr2,8250,8288,8244,8297,53,6,S288c,Deletion,1636,left,Interstitial,229968
Y7,chr3,314439,314576,314401.5,314576,174.5,8,S288c,Deletion,1207,right,Interstitial,199958.5
Y7,chr4,526741,526783,526705,526789,84,3,S288c,Recombination,525801,left,Interstitial,76939
Y7,chr4,1154405,1154412,1154363,1155231,868,3,S288c,Recombination,369394,right,Interstitial,704597
Y7,chr5,6219,6318,5665.5,6464.5,799,6,S288c,Recombination,0,left,Interstitial,145581
Y7,chr5,6968,7047,6966.5,7055,88.5,9,S288c,Deletion,493.5,left,Interstitial,144990.5
Y7,chr6,191847,191880,191841.5,191882.5,41,4,S288c,Deletion,77848.5,right,Interstitial,43273
Y7,chr7,20962,21025,20953.5,21030,76.5,4,S288c,Deletion,20172.5,left,Interstitial,475949
Y7,chr8,194266,194377,194243.5,194432,188.5,3,S288c,Deletion,188738.5,left,Interstitial,88599
Y7,chr8,528435,528510,528404.5,529816.5,1412,4,S288c,Deletion,26288.5,right,Interstitial,422760
Y7,chr8,1569,2068,1569,7336.5,5767.5,9,S288c,Recombination,0,left,Interstitial,98308
Y7,chr8,555849,555862,555651.5,555926.5,275,3,S288c,Recombination,178.5,right,Interstitial,450007
Y7,chr9,90617,106806,90183.5,107615.5,17432,109,YJM789,Recombination,82399.5,left,Interstitial,248071.5
Y7,chr10,204142,204184,200798.5,204231.5,3433,4,S288c,Deletion,193031.5,left,Interstitial,232134.5
Y7,chr10,338831,338882,338823.5,338937.5,114,3,S288c,Deletion,331056.5,left,Interstitial,97428.5
Y7,chr10,400246,400263,400109,400267.5,158.5,6,S288c,Deletion,344634.5,right,Interstitial,36098.5
Y7,chr10,745593,745627,745568,745627,59,6,S288c,Recombination,0,right,Interstitial,309202
Y7,chr11,555181,555298,554867.5,555831.5,964,3,S288c,Recombination,110072.5,right,Interstitial,114680
Y7,chr14,570020,570167,570006,571222,1216,6,S288c,Deletion,212056,right,Interstitial,57594.5
Y7,chr15,514925,515105,514903.5,515110.5,207,11,S288c,Recombination,514056.5,left,Interstitial,188260.5
Y7,chr15,1073009,1073030,1073008.5,1073362.5,354,4,S288c,Recombination,10559.5,right,Interstitial,746365.5
Y7,chr16,64405,162438,64071.5,163825.5,99754,515,YJM789,Recombination,56848.5,left,Interstitial,392189.5
Y7,chr16,436450,436465,436404.5,440105,3700.5,3,S288c,Deletion,429181.5,left,Interstitial,115910
Y7,chr16,581566,581608,581532.5,581625.5,93,5,S288c,Recombination,360770.5,right,Interstitial,25517.5
Y7,chr16,13084,16500,13084,16554,3470,3,YJM789,Recombination,5861,left,Interstitial,539461
Y7,chr16,17100,23831,17016.5,23868.5,6852,122,YJM789,Recombination,9793.5,left,Interstitial,532146.5
Y7,chr16,26069,63417,25783,63436,37653,316,YJM789,Recombination,18560,left,Terminal,492579
Y8,chr3,292601,292633,292542.5,292675.5,133,6,S288c,Recombination,23107.5,right,Interstitial,178099.5
Y8,chr5,561500,561690,561480.5,561691,210.5,12,S288c,Recombination,7908,right,Interstitial,409435
Y8,chr9,355698,355716,355669,355876.5,207.5,3,S288c,Recombination,83191.5,right,Interstitial,0
Y8,chr13,463330,463367,463297,463381,84,3,S288c,Recombination,456953,left,Interstitial,195207
Y8,chr15,624314,624354,623884,624422.5,538.5,7,S288c,Deletion,459499.5,right,Interstitial,297241
Y8,chr16,63404,63417,63401,63436,35,4,S288c,Deletion,56178,left,Interstitial,492579
Y8,chr16,822297,825000,819420.5,825268,5847.5,15,S288c,Recombination,117128,right,Interstitial,263405.5
Y8,chr16,942728,942936,942674.5,942993,318.5,6,S288c,Recombination,0,right,Interstitial,386659.5
Y9,chr1,2501,2542,2501,2592.5,91.5,8,S288c,Recombination,1700,left,Interstitial,148931
Y9,chr1,13798,15921,13726,15983.5,2257.5,8,S288c,Recombination,12925,left,Interstitial,135540
Y9,chr1,18413,18457,18395,18505,110,3,S288c,Deletion,17594,left,Interstitial,133018.5
Y9,chr2,8250,8288,8244,8297,53,6,S288c,Deletion,1636,left,Interstitial,229968
Y9,chr3,314439,314576,314401.5,314576,174.5,8,S288c,Recombination,1207,right,Interstitial,199958.5
Y9,chr4,526669,526840,526663,526852,189,10,S288c,Deletion,525759,left,Interstitial,76897
Y9,chr4,759650,759662,758693,759677,984,3,S288c,Recombination,757789,left,Interstitial,308927
Y9,chr4,1154405,1154412,1154363,1155083.5,720.5,3,S288c,Recombination,369541.5,right,Interstitial,704597
Y9,chr5,7021,7069,7011,7141,130,5,S288c,Deletion,538,left,Interstitial,144904.5
Y9,chr6,6065,44772,6065,44994.5,38929.5,199,YJM789,Recombination,535,left,Terminal,103574
Y9,chr8,528460,528510,528447.5,529816.5,1369,3,S288c,Recombination,26288.5,right,Interstitial,422803
Y9,chr8,1569,2068,1569,7336.5,5767.5,9,S288c,Recombination,0,left,Interstitial,98308
Y9,chr8,555849,555862,555651.5,555926.5,275,3,S288c,Recombination,178.5,right,Interstitial,450007
Y9,chr9,300538,300559,299681.5,300607,925.5,3,S288c,Recombination,138461,right,Interstitial,55080
Y9,chr9,23776,23818,21741,23828,2087,6,S288c,Recombination,13957,left,Interstitial,331859
Y9,chr9,27118,27132,27093,27175.5,82.5,3,S288c,Deletion,19309,left,Interstitial,328511.5
Y9,chr10,204142,204184,200798.5,204231.5,3433,4,S288c,Recombination,193031.5,left,Interstitial,232134.5
Y9,chr10,400246,400272,400109,400287.5,178.5,7,S288c,Deletion,344614.5,right,Interstitial,36078.5
Y9,chr10,745609,745627,745603.5,745627,23.5,3,S288c,Recombination,0,right,Interstitial,309237.5
Y9,chr12,97108,97153,96638.5,97156,517.5,4,S288c,Recombination,84553.5,left,Interstitial,53731.5
Y9,chr13,503664,504174,503638,504228.5,590.5,4,S288c,Deletion,419312.5,right,Interstitial,235548
Y9,chr14,522030,522429,521973,522433.5,460.5,5,S288c,Recombination,260844.5,right,Interstitial,106383
Y9,chr14,569990,570167,569982.5,571348,1365.5,8,S288c,Deletion,211930,right,Interstitial,57468.5
Y9,chr14,602168,602262,601060.5,602269.5,1209,6,S288c,Recombination,181008.5,right,Interstitial,26547
Y9,chr14,9325,9382,9307,9455.5,148.5,3,S288c,Recombination,1879,left,Interstitial,619361
Y9,chr14,781349,781357,781125.5,781358.5,233,3,S288c,Recombination,1919.5,right,Interstitial,152309
Y9,chr15,31245,31252,30976,31254.5,278.5,3,S288c,Recombination,30129,left,Interstitial,295388.5
Y9,chr15,115116,115128,115025.5,115138,112.5,3,S288c,Recombination,114178.5,left,Interstitial,211505
Y9,chr15,514953,515138,514941,515148.5,207.5,12,S288c,Deletion,514094,left,Interstitial,188298
Y9,chr15,622440,622461,622437,622467,30,4,S288c,Deletion,461455,right,Interstitial,295794
Y9,chr15,1073009,1073030,1073008.5,1073362.5,354,4,S288c,Recombination,10559.5,right,Interstitial,746365.5
Y9,chr16,97603,97672,97427.5,97684,256.5,4,S288c,Deletion,90204.5,left,Interstitial,458331
Y9,chr16,581602,581715,581587,581729.5,142.5,7,S288c,Deletion,360666.5,right,Interstitial,25572
Y11,chr1,203912,203984,203886,203998,112,4,S288c,Recombination,25413,right,Interstitial,52362.5
Y11,chr1,4801,4819,4699,4825,126,3,S288c,Deletion,3898,left,Interstitial,146698.5
Y11,chr3,82578,82589,82566,82606,40,3,S288c,Recombination,81468,left,Interstitial,31837
Y11,chr4,18664,18683,18663.5,18692.5,29,5,S288c,Deletion,17759.5,left,Interstitial,431073.5
Y11,chr5,2014,2031,2014,2033,19,5,S288c,Recombination,0,left,Interstitial,150012.5
Y11,chr5,566565,566580,566553.5,566931.5,378,3,YJM789,Recombination,2667.5,right,Interstitial,414508
Y11,chr5,567403,567461,567399,567463.5,64.5,3,YJM789,Recombination,2135.5,right,Interstitial,415353.5
Y11,chr5,567548,568423,567511.5,569560,2048.5,34,YJM789,Recombination,39,right,Interstitial,415466
Y11,chr5,298190,565731,297375.5,565734,268358.5,1312,YJM789,Recombination,3865,right,Terminal,145330
Y11,chr6,191836,191860,191831.5,191870,38.5,4,S288c,Deletion,77861,right,Interstitial,43263
Y11,chr7,111582,111618,111190.5,111625,434.5,7,S288c,Deletion,110409.5,left,Interstitial,385354
Y11,chr7,835147,1079127,835037.5,1079127,244089.5,1169,YJM789,Recombination,4508,right,Terminal,338058.5
Y11,chr8,93655,93665,93478.5,93708.5,230,3,S288c,Deletion,87973.5,left,Interstitial,11936
Y11,chr9,33503,33552,33494,33557,63,6,S288c,Recombination,25710,left,Interstitial,322130
Y11,chr10,24640,24690,24640,24700,60,3,S288c,Recombination,16873,left,Interstitial,411666
Y11,chr11,15600,15614,15598.5,15616,17.5,6,S288c,Recombination,14791.5,left,Interstitial,424571.5
Y11,chr12,818534,818562,818462,818572,110,3,S288c,Recombination,245709,right,Interstitial,667574.5
Y11,chr12,1062165,1062194,1062033.5,1062823.5,790,4,S288c,Recombination,1457.5,right,Interstitial,911146
Y11,chr14,632116,632186,632062,632243,181,4,S288c,Recombination,151035,right,Interstitial,3245.5
Y11,chr15,624314,624331,623884,624335,451,3,S288c,Deletion,459587,right,Interstitial,297241
Y11,chr16,63267,63417,62908.5,63436,527.5,10,S288c,Recombination,55685.5,left,Interstitial,492579
Y11,chr16,942728,942741,942674.5,942746.5,72,3,S288c,Deletion,0,right,Interstitial,386659.5
Y13,chr1,2501,2519,2501,2521.5,20.5,3,S288c,Deletion,1700,left,Interstitial,149002
Y13,chr1,13965,15921,13886,15983.5,2097.5,3,S288c,Deletion,13085,left,Interstitial,135540
Y13,chr2,204458,207628,204184,207989.5,3805.5,11,YJM789,Recombination,197576,left,Interstitial,30275.5
Y13,chr2,8250,8281,8244,8282,38,4,S288c,Deletion,1636,left,Interstitial,229983
Y13,chr3,295070,295080,295025,295139,114,3,S288c,Recombination,20644,right,Interstitial,180582
Y13,chr3,314439,314576,314401.5,314576,174.5,8,S288c,Recombination,1207,right,Interstitial,199958.5
Y13,chr4,526669,526687,526663,526707,44,3,S288c,Deletion,525759,left,Interstitial,76897
Y13,chr4,538009,538069,532876,538094.5,5218.5,9,S288c,Recombination,531972,left,Interstitial,83110
Y13,chr6,191860,191885,191858,191899.5,41.5,3,S288c,Recombination,77831.5,right,Interstitial,43289.5
Y13,chr6,6065,6272,6065,16085,10020,9,S288c,Recombination,535,left,Interstitial,132483.5
Y13,chr8,528460,528510,528447.5,529816.5,1369,3,S288c,Deletion,26288.5,right,Interstitial,422803
Y13,chr8,1569,2068,1569,7336.5,5767.5,9,S288c,Deletion,0,left,Interstitial,98308
Y13,chr9,300538,300559,299681.5,300607,925.5,3,S288c,Recombination,138461,right,Interstitial,55080
Y13,chr9,23776,23818,21741,23828,2087,6,S288c,Recombination,13957,left,Interstitial,331859
Y13,chr10,400246,400263,400109,400267.5,158.5,6,S288c,Deletion,344634.5,right,Interstitial,36098.5
Y13,chr11,211408,223330,211204,224405,13201,81,YJM789,Recombination,210397,left,Interstitial,215782.5
Y13,chr12,721788,722079,721522.5,722211.5,689,5,S288c,Recombination,342069.5,right,Interstitial,570635
Y13,chr14,505280,507677,505129,507999,2870,15,YJM789,Recombination,275279,right,Interstitial,120817.5
Y13,chr14,570034,570167,570027,571222,1195,5,S288c,Recombination,212056,right,Interstitial,57594.5
Y13,chr14,9325,9382,9307,9455.5,148.5,3,S288c,Recombination,1879,left,Interstitial,619361
Y13,chr15,115116,115164,115025.5,115208.5,183,5,S288c,Recombination,114178.5,left,Interstitial,211434.5
Y13,chr15,514969,515169,514961.5,515191.5,230,12,S288c,Deletion,514114.5,left,Interstitial,188318.5
Y13,chr15,623448,623454,623445,623884,439,3,S288c,Deletion,460038,right,Interstitial,296802
Y13,chr15,1073009,1073024,1073008.5,1073027,18.5,3,S288c,Deletion,10895,right,Interstitial,746365.5
Y13,chr16,97603,97672,97427.5,97684,256.5,4,S288c,Deletion,90204.5,left,Interstitial,458331
Y13,chr16,581566,581608,581532.5,581625.5,93,5,S288c,Deletion,360770.5,right,Interstitial,25517.5
Y15,chr1,27376,27402,27366.5,27403.5,37,5,S288c,Recombination,26565.5,left,Interstitial,124120
Y15,chr1,18413,18457,18395,18505,110,3,S288c,Recombination,17594,left,Interstitial,133018.5
Y15,chr3,4351,4371,4323.5,4430,106.5,4,S288c,Recombination,3225.5,left,Interstitial,110013
Y15,chr4,18663,18671,18657,18673,16,3,S288c,Recombination,17753,left,Interstitial,431093
Y15,chr5,568387,568423,568385,569560,1175,4,S288c,Recombination,39,right,Interstitial,416339.5
Y15,chr6,43169,47034,43149,47327,4178,17,S288c,Recombination,37619,left,Interstitial,101241.5
Y15,chr6,48016,48052,47827.5,49368.5,1541,6,S288c,Recombination,42297.5,left,Interstitial,99200
Y15,chr6,6065,6097,6065,6139,74,4,S288c,Recombination,535,left,Interstitial,142429.5
Y15,chr6,260396,265430,260293.5,265611,5317.5,41,S288c,Recombination,4120,right,Interstitial,111725
Y15,chr6,265792,266889,265611,266889,1278,15,YJM789,Recombination,2842,right,Interstitial,117042.5
Y15,chr16,62364,63417,62323,63436,1113,13,S288c,Recombination,55100,left,Interstitial,492579