S5 Table.  LOH tracts accumulated in MA lines.  The LOH tracts are supported by minimum 3 SNPs.,,,,,,,,,,,,,,
Line,Chromosome,SNP_start,SNP_end,LOH_start,LOH_end,LOH_width,Number_of_SNPs_supporting_LOH,Fixation,LOH_mechanism,Telomere_distance,Telomere_type,LOH_type,Centromere_distance,
B1,chr1,22696,22758,22612,23285.5,673.5,3,S288c,Recombination,21811,left,Interstitial,128238,
B1,chr1,206675,207330,205352,215093.5,9741.5,4,S288c,Recombination,14317.5,right,Terminal,53828.5,
B1,chr2,172028,176084,171820,176172.5,4352.5,37,YJM789,Recombination,165212,left,Interstitial,62092.5,
B1,chr2,524475,524916,524373,524959.5,586.5,7,YJM789,Recombination,287419.5,right,Interstitial,286108,
B1,chr2,739571,741344,739259,741541,2282,7,YJM789,Recombination,70838,right,Interstitial,500994,
B1,chr2,744063,744417,743392,744441.5,1049.5,7,YJM789,Recombination,67937.5,right,Interstitial,505127,
B1,chr2,748042,801926,747609.5,802135,54525.5,151,YJM789,Recombination,10244,right,Terminal,509344.5,
B1,chr3,83134,84048,82883,87427.5,4544.5,7,YJM789,Deletion,81785,left,Interstitial,27015.5,
B1,chr3,124665,138504,124357.5,139580,15222.5,14,S288c,Recombination,123259.5,left,Interstitial,9914.5,
B1,chr3,263029,276761,262929.5,278605,15675.5,30,S288c,Recombination,37178,right,Interstitial,148486.5,
B1,chr3,280449,293006,278605,293430.5,14825.5,76,YJM789,Recombination,22352.5,right,Interstitial,164162,
B1,chr3,11578,18173,11352,19669,8317,11,S288c,Recombination,10254,left,Interstitial,94774,
B1,chr3,307039,307182,307015.5,307253.5,238,3,S288c,Recombination,8529.5,right,Interstitial,192572.5,
B1,chr3,294669,303884,294652.5,305211,10558.5,118,YJM789,Recombination,10572,right,Terminal,180209.5,
B1,chr4,640565,641507,640308,641646.5,1338.5,4,YJM789,Recombination,639404,left,Interstitial,190542,
B1,chr4,940442,945419,940255.5,945511.5,5256,34,YJM789,Recombination,579113.5,right,Interstitial,490489.5,
B1,chr4,1151759,1152705,1151710,1152825.5,1115.5,7,S288c,Recombination,371799.5,right,Interstitial,701944,
B1,chr4,1155785,1157008,1155053,1157139.5,2086.5,11,S288c,Deletion,367485.5,right,Interstitial,705287,
B1,chr4,17352,18141,17352,18356,1004,9,YJM789,Deletion,16448,left,Interstitial,431410,
B1,chr4,18651,332265,18637.5,332504.5,313867,1722,YJM789,Recombination,17733.5,left,Terminal,117261.5,
B1,chr5,332272,334787,331001,335195.5,4194.5,27,YJM789,Recombination,234403.5,right,Interstitial,178955.5,
B1,chr5,357733,443323,357285,443407,86122,379,S288c,Recombination,126192,right,Interstitial,205239.5,
B1,chr5,449685,516437,446608,517012,70404,311,S288c,Recombination,52587,right,Interstitial,294562.5,
B1,chr5,561590,564343,561567.5,564349,2781.5,84,S288c,Recombination,5250,right,Interstitial,409522,
B1,chr5,564461,565675,564446,565693,1247,41,S288c,Deletion,3906,right,Interstitial,412400.5,
B1,chr5,567548,568408,567511.5,568415.5,904,33,S288c,Recombination,1183.5,right,Interstitial,415466,
B1,chr5,526682,561510,526387,561517,35130,254,S288c,Recombination,8082,right,Terminal,374341.5,
B1,chr6,43603,48096,43400.5,49253,5852.5,25,S288c,Recombination,37870.5,left,Interstitial,99315.5,
B1,chr6,167318,168788,166100.5,169090,2989.5,16,YJM789,Recombination,100641,right,Interstitial,17532,
B1,chr6,6065,6272,6065,6311.5,246.5,9,YJM789,Recombination,535,left,Interstitial,142257,
B1,chr7,119075,119894,118988,120078.5,1090.5,4,S288c,Recombination,118207,left,Interstitial,376900.5,
B1,chr7,442299,448116,442154.5,448394,6239.5,35,YJM789,Recombination,441373.5,left,Interstitial,48585,
B1,chr7,460296,460477,460181,460803.5,622.5,4,YJM789,Recombination,459400,left,Interstitial,36175.5,
B1,chr7,496982,497020,496875,497024.5,149.5,6,YJM789,Recombination,496094,left,Interstitial,0,
B1,chr7,645958,655396,645725.5,655822,10096.5,18,S288c,Recombination,427813,right,Interstitial,148746.5,
B1,chr7,988108,1011166,988076.5,1011177,23100.5,155,YJM789,Recombination,72458,right,Interstitial,491097.5,
B1,chr7,1145,1193,1112.5,1307.5,195,3,S288c,Recombination,331.5,left,Interstitial,495671.5,
B1,chr7,3333,3834,3319,3925.5,606.5,7,S288c,Recombination,2538,left,Interstitial,493053.5,
B1,chr7,1067375,1067396,1067246.5,1067706.5,460,4,S288c,Recombination,15928.5,right,Interstitial,570267.5,
B1,chr8,27733,37931,27340.5,38332,10991.5,41,YJM789,Recombination,21835.5,left,Interstitial,67312.5,
B1,chr8,178619,187320,178206,187996.5,9790.5,66,S288c,Recombination,172701,left,Interstitial,72561.5,
B1,chr8,525401,525457,523296,525464.5,2168.5,7,S288c,Recombination,30640.5,right,Interstitial,417651.5,
B1,chr8,554202,554298,554186.5,554366,179.5,3,S288c,Recombination,1739,right,Interstitial,448542,
B1,chr8,554434,554454,554366,554553.5,187.5,3,YJM789,Recombination,1551.5,right,Interstitial,448721.5,
B1,chr8,556136,556662,556106,556662,556,8,S288c,Recombination,0,right,Interstitial,450461.5,
B1,chr8,528226,528346,528161,540856,12695,4,S288c,Recombination,15249,right,Terminal,422516.5,
B1,chr9,39258,261061,39181,263396.5,224215.5,1063,YJM789,Recombination,31397,left,Interstitial,92290.5,
B1,chr9,265732,272369,263396.5,272520.5,9124,36,S288c,Recombination,166547.5,right,Interstitial,83166.5,
B1,chr9,396889,397178,396661.5,397402,740.5,7,S288c,Recombination,41666,right,Interstitial,40974.5,
B1,chr9,24157,37822,24157,37904.5,13747.5,175,YJM789,Recombination,16373,left,Terminal,317782.5,
B1,chr10,492712,710937,491818,713004,221186,793,YJM789,Recombination,31898,right,Interstitial,55452,
B1,chr10,24532,27163,24532,27183,2651,32,S288c,Recombination,16765,left,Interstitial,409183,
B1,chr10,716647,745627,715877.5,745627,29749.5,28,YJM789,Recombination,0,right,Terminal,279511.5,
B1,chr11,281634,285383,281470.5,285952.5,4482,21,YJM789,Recombination,280663.5,left,Interstitial,154235,
B1,chr11,543396,547921,543299.5,547992.5,4693,25,YJM789,Recombination,117911.5,right,Interstitial,103112,
B1,chr11,620047,624142,619920.5,624235,4314.5,14,S288c,Recombination,41669,right,Interstitial,179733,
B1,chr11,664233,666468,663832.5,666468,2635.5,11,YJM789,Recombination,0,right,Interstitial,223645,
B1,chr11,630974,658746,630419,658785,28366,147,YJM789,Recombination,7119,right,Terminal,190231.5,
B1,chr12,115271,116128,115189.5,116221,1031.5,12,YJM789,Deletion,103104.5,left,Interstitial,34666.5,
B1,chr12,278461,284777,278056.5,284795,6738.5,43,S288c,Recombination,265971.5,left,Interstitial,127169,
B1,chr12,334864,343937,334673,344673,10000,68,YJM789,Recombination,322588,left,Interstitial,183785.5,
B1,chr12,663368,665751,663192.5,666073,2880.5,11,YJM789,Recombination,398208,right,Interstitial,512305,
B1,chr12,938596,976087,938366.5,976138,37771.5,180,S288c,Recombination,88143,right,Interstitial,787479,
B1,chr12,1062165,1062194,1062041,1062280.5,239.5,4,S288c,Recombination,2000.5,right,Interstitial,911153.5,
B1,chr12,981795,1059564,981776,1059576,77800,391,S288c,Recombination,4705,right,Terminal,830888.5,
B1,chr13,60610,60754,60520.5,60839.5,319,3,S288c,Deletion,54176.5,left,Interstitial,207250.5,
B1,chr13,420832,420892,420809,420965.5,156.5,3,S288c,Recombination,414465,left,Interstitial,152719,
B1,chr13,9746,40087,9746,40231.5,30485.5,89,YJM789,Recombination,3402,left,Terminal,227858.5,
B1,chr14,51266,53633,51158,55912.5,4754.5,6,YJM789,Recombination,43730,left,Interstitial,572904,
B1,chr14,58192,90031,55912.5,90141,34228.5,68,S288c,Recombination,48484.5,left,Interstitial,538675.5,
B1,chr14,90251,90752,90141,91957.5,1816.5,4,YJM789,Recombination,82713,left,Interstitial,536859,
B1,chr14,93163,258470,91957.5,258530,166572.5,714,S288c,Recombination,84529.5,left,Interstitial,370286.5,
B1,chr14,484786,485001,484619,485145,526,5,YJM789,Recombination,298133,right,Interstitial,143671.5,
B1,chr14,676368,679089,674324.5,680009.5,5685,32,S288c,Recombination,103268.5,right,Interstitial,45508,
B1,chr14,15919,51050,12650.5,51158,38507.5,208,S288c,Recombination,5222.5,left,Terminal,577658.5,
B1,chr14,720527,781374,719597,781374,61777,91,YJM789,Recombination,1904,right,Terminal,90780.5,
B1,chr15,385934,385971,385920.5,385984.5,64,4,S288c,Recombination,385073.5,left,Interstitial,59277.5,
B1,chr15,904342,907705,904267,907776,3509,19,YJM789,Recombination,176146,right,Interstitial,577624,
B1,chr15,1031444,1033678,1031297,1034643,3346,15,S288c,Recombination,49279,right,Interstitial,704654,
B1,chr15,1035608,1048209,1034643,1048863.5,14220.5,13,YJM789,Recombination,35058.5,right,Interstitial,708000,
B1,chr16,128382,183482,128183.5,191310,63126.5,110,S288c,Recombination,120960.5,left,Interstitial,364705,
B1,chr16,229636,238111,229454.5,238313,8858.5,47,S288c,Recombination,222231.5,left,Interstitial,317702,
B1,chr16,266023,283200,265588,285583.5,19995.5,81,S288c,Recombination,258365,left,Interstitial,270431.5,
B1,chr16,380674,381177,380521,381336,815,7,S288c,Recombination,373298,left,Interstitial,174679,
B1,chr16,687317,850515,687048,853471.5,166423.5,329,YJM789,Recombination,88924.5,right,Interstitial,131033,
B1,chr16,23906,24087,23868.5,24106,237.5,7,S288c,Recombination,16645.5,left,Interstitial,531909,
B1,chr16,24524,24955,24387,24960.5,573.5,15,S288c,Recombination,17164,left,Interstitial,531054.5,
B1,chr16,25297,25497,25283,25510.5,227.5,4,S288c,Recombination,18060,left,Interstitial,530504.5,
B1,chr16,26114,125270,25840,125462,99622,729,S288c,Recombination,18617,left,Terminal,430553,
B1,chr16,857345,942354,856895.5,942390.5,85495,587,YJM789,Recombination,5.5,right,Terminal,300880.5,
B2,chr1,28167,63658,27927.5,63876,35948.5,269,YJM789,Recombination,27126.5,left,Interstitial,87647.5,
B2,chr1,2542,18517,2539,18535,15996,85,YJM789,Recombination,1738,left,Interstitial,132988.5,
B2,chr1,22528,24951,20551,25070.5,4519.5,9,YJM789,Recombination,19750,left,Terminal,126453,
B2,chr2,353634,367601,352484.5,367687.5,15203,77,S288c,Recombination,345876.5,left,Interstitial,114219.5,
B2,chr2,537174,741344,537045.5,741541,204495.5,1014,S288c,Recombination,70838,right,Interstitial,298780.5,
B2,chr2,744063,744417,743392,744441.5,1049.5,7,S288c,Recombination,67937.5,right,Interstitial,505127,
B2,chr2,8250,8393,8244,8940,696,10,YJM789,Recombination,1636,left,Interstitial,229325,
B2,chr2,804112,804376,803905.5,804421.5,516,4,S288c,Recombination,7957.5,right,Interstitial,565640.5,
B2,chr2,748042,801926,747609.5,801955,54345.5,151,S288c,Recombination,10424,right,Terminal,509344.5,
B2,chr3,76973,78742,76585.5,78846.5,2261,13,YJM789,Recombination,75487.5,left,Interstitial,35596.5,
B2,chr3,82554,82579,82499.5,82584,84.5,3,S288c,Recombination,81401.5,left,Interstitial,31859,
B2,chr3,117992,118412,117734,118521.5,787.5,5,S288c,Recombination,116636,left,Interstitial,3291,
B2,chr3,262830,266399,262458.5,267887.5,5429,23,YJM789,Recombination,47895.5,right,Interstitial,148015.5,
B2,chr4,607474,609905,607393.5,610480.5,3087,9,S288c,Deletion,606489.5,left,Interstitial,157627.5,
B2,chr4,623966,625250,623809.5,626926,3116.5,6,S288c,Deletion,622905.5,left,Interstitial,174043.5,
B2,chr4,660498,677845,660454.5,677960.5,17506,101,YJM789,Recombination,659550.5,left,Interstitial,210688.5,
B2,chr5,44403,46383,43738.5,46784,3045.5,16,S288c,Recombination,37265.5,left,Interstitial,105261.5,
B2,chr5,82766,94351,82514,94389.5,11875.5,54,YJM789,Recombination,76041,left,Interstitial,57656,
B2,chr5,94428,95918,94389.5,96013.5,1624,10,S288c,Recombination,87916.5,left,Interstitial,56032,
B2,chr5,369931,390851,369687.5,391071.5,21384,111,YJM789,Recombination,178527.5,right,Interstitial,217642,
B2,chr5,15412,15966,15320.5,16515.5,1195,7,S288c,Recombination,8847.5,left,Interstitial,135530,
B2,chr7,94124,100110,93873,101532.5,7659.5,30,S288c,Recombination,93092,left,Interstitial,395446.5,
B2,chr7,464945,464972,464655.5,465031.5,376,3,S288c,Recombination,463874.5,left,Interstitial,31947.5,
B2,chr7,598680,604120,597395,604887,7492,7,YJM789,Recombination,478748,right,Interstitial,100416,
B2,chr7,747273,754648,746430.5,755633,9202.5,12,S288c,Recombination,328002,right,Interstitial,249451.5,
B2,chr7,940588,949072,940523.5,949334,8810.5,40,YJM789,Recombination,134301,right,Interstitial,443544.5,
B2,chr8,32626,33167,32327.5,33619,1291.5,7,YJM789,Recombination,26822.5,left,Interstitial,72025.5,
B2,chr8,93035,93056,93034,93059,25,3,S288c,Deletion,87529,left,Interstitial,12585.5,
B2,chr8,107993,109025,107591,109523,1932,8,YJM789,Deletion,102086,left,Interstitial,1946.5,
B2,chr8,525451,525457,525448.5,525464.5,16,3,S288c,Deletion,30640.5,right,Interstitial,419804,
B2,chr8,24674,27733,23292.5,27860.5,4568,7,S288c,Recombination,17787.5,left,Terminal,77784,
B2,chr9,368661,370388,368410,370608.5,2198.5,17,S288c,Recombination,68459.5,right,Interstitial,12723,
B2,chr9,373728,390900,373395.5,392038.5,18643,70,YJM789,Recombination,47029.5,right,Interstitial,17708.5,
B2,chr9,438765,439001,438372,439001,629,6,YJM789,Recombination,67,right,Interstitial,82685,
B2,chr9,393359,431874,393319.5,434857,41537.5,337,YJM789,Recombination,4211,right,Terminal,37632.5,
B2,chr10,170079,170649,169401,171003,1602,4,S288c,Recombination,161634,left,Interstitial,265363,
B2,chr10,327501,331109,326961.5,331334,4372.5,22,S288c,Recombination,319194.5,left,Interstitial,105032,
B2,chr10,541613,551614,541292.5,551791.5,10499,44,S288c,Recombination,193110.5,right,Interstitial,104926.5,
B2,chr10,24461,164308,24461,164631.5,140170.5,944,YJM789,Recombination,16694,left,Terminal,271734.5,
B2,chr11,499535,625303,498180.5,625583,127402.5,630,YJM789,Recombination,40321,right,Interstitial,57993,
B2,chr11,625863,633794,625583,633912.5,8329.5,28,S288c,Recombination,31991.5,right,Interstitial,185395.5,
B2,chr11,634031,636879,633912.5,636948,3035.5,12,YJM789,Recombination,28956,right,Interstitial,193725,
B2,chr11,2796,15277,2758,15435.5,12677.5,99,S288c,Recombination,1951,left,Interstitial,424752,
B2,chr11,15642,131539,15630,132021.5,116391.5,520,S288c,Recombination,14823,left,Terminal,308166,
B2,chr11,637017,666468,636948,666468,29520,133,S288c,Recombination,0,right,Terminal,196760.5,
B2,chr12,292312,451557,292177,455560.5,163383.5,403,S288c,Recombination,280092,left,Interstitial,141289.5,
B2,chr12,460694,665751,460657.5,666073,205415.5,771,S288c,Recombination,398208,right,Interstitial,309770,
B2,chr12,938596,976087,938366.5,976138,37771.5,180,S288c,Recombination,88143,right,Interstitial,787479,
B2,chr12,21252,21693,21152.5,21761.5,609,4,S288c,Recombination,9067.5,left,Interstitial,129126,
B2,chr12,1062165,1062194,1062041,1062280.5,239.5,4,S288c,Recombination,2000.5,right,Interstitial,911153.5,
B2,chr12,981795,1059564,981776,1059576,77800,391,S288c,Recombination,4705,right,Terminal,830888.5,
B2,chr13,338329,338590,338185,338720.5,535.5,3,S288c,Recombination,331841,left,Interstitial,70095,
B2,chr13,342609,342743,342221.5,342842,620.5,5,S288c,Recombination,335877.5,left,Interstitial,74131.5,
B2,chr13,544007,562900,543699.5,562918.5,19219,111,YJM789,Recombination,360622.5,right,Interstitial,275609.5,
B2,chr13,562937,600288,562918.5,600321,37402.5,186,S288c,Recombination,323220,right,Interstitial,294828.5,
B2,chr13,602564,637703,602513,638681,36168,185,S288c,Recombination,284860,right,Interstitial,334423,
B2,chr13,793043,798063,792668,798076.5,5408.5,35,YJM789,Recombination,125464.5,right,Interstitial,524578,
B2,chr13,9746,243473,9746,243625,233879,992,S288c,Recombination,3402,left,Terminal,24465,
B2,chr14,62869,64205,62169,64411,2242,6,YJM789,Recombination,54741,left,Interstitial,564405.5,
B2,chr14,599953,599990,599193,600001,808,3,S288c,Deletion,183277,right,Interstitial,28815.5,
B2,chr14,641452,781374,641192,781374,140182,377,S288c,Recombination,1904,right,Terminal,12375.5,
B2,chr15,389611,399084,389391,399369,9978,54,S288c,Recombination,388544,left,Interstitial,62748,
B2,chr15,465313,473069,465269.5,473382.5,8113,50,YJM789,Recombination,464422.5,left,Interstitial,138626.5,
B2,chr15,606021,614146,605999.5,614179,8179.5,54,YJM789,Recombination,469743,right,Interstitial,279356.5,
B2,chr15,702245,703419,702101.5,703667,1565.5,15,YJM789,Recombination,380255,right,Interstitial,375458.5,
B2,chr15,760543,770734,760066,774869.5,14803.5,41,S288c,Recombination,309052.5,right,Interstitial,433423,
B2,chr15,944430,948120,943594.5,948394.5,4800,8,YJM789,Recombination,135527.5,right,Interstitial,616951.5,
B2,chr16,128382,391587,128183.5,391900,263716.5,972,YJM789,Recombination,120960.5,left,Interstitial,164115,
B2,chr16,19227,24955,18103.5,24960.5,6857,142,YJM789,Recombination,10880.5,left,Interstitial,531054.5,
B2,chr16,25269,125270,25239,125462,100223,740,YJM789,Recombination,18016,left,Terminal,430553,
B2,chr16,920999,930581,920981.5,930656.5,9675,96,S288c,Recombination,11739.5,right,Terminal,364966.5,
B3,chr1,90330,103782,89537.5,103840.5,14303,108,YJM789,Recombination,88736.5,left,Interstitial,47683,
B3,chr1,160234,160242,160206.5,163119.5,2913,3,S288c,Deletion,66291.5,right,Interstitial,8683,
B3,chr1,206675,207330,205352,207330,1978,4,S288c,Deletion,22081,right,Interstitial,53828.5,
B3,chr1,2542,3942,2539,3988,1449,12,S288c,Recombination,1738,left,Interstitial,147535.5,
B3,chr1,18413,18457,18395,18505,110,3,S288c,Recombination,17594,left,Interstitial,133018.5,
B3,chr2,336720,342383,336357.5,342553,6195.5,45,YJM789,Recombination,329749.5,left,Interstitial,98092.5,
B3,chr2,342723,344668,342553,344803,2250,13,S288c,Recombination,335945,left,Interstitial,104288,
B3,chr2,344938,741344,344803,741541,396738,2016,YJM789,Recombination,70838,right,Interstitial,106538,
B3,chr2,744063,744417,743392,744441.5,1049.5,7,YJM789,Recombination,67937.5,right,Interstitial,505127,
B3,chr2,6680,6704,6680,6772.5,92.5,5,S288c,Recombination,72,left,Interstitial,231492.5,
B3,chr2,8280,8283,8266.5,8285.5,19,3,S288c,Deletion,1658.5,left,Interstitial,229979.5,
B3,chr2,748042,801782,747609.5,801854,54244.5,150,YJM789,Recombination,10525,right,Terminal,509344.5,
B3,chr3,120133,121210,119956,121696,1740,7,S288c,Recombination,118858,left,Interstitial,5513,
B3,chr3,233941,238725,233423,238860,5437,22,YJM789,Recombination,76923,right,Interstitial,118980,
B3,chr3,240607,293006,240061,293430.5,53369.5,179,YJM789,Recombination,22352.5,right,Interstitial,125618,
B3,chr3,306731,307039,306721,307182,461,13,YJM789,Recombination,8601,right,Interstitial,192278,
B3,chr3,308124,314585,307731.5,314585,6853.5,73,YJM789,Recombination,1198,right,Interstitial,193288.5,
B3,chr3,294389,303884,294296,305237.5,10941.5,122,YJM789,Recombination,10545.5,right,Terminal,179853,
B3,chr4,166100,171223,165743,171687,5944,14,YJM789,Recombination,164839,left,Interstitial,278079,
B3,chr4,172151,180644,171687,181311,9624,56,S288c,Recombination,170783,left,Interstitial,268455,
B3,chr4,406262,408894,406190,409290.5,3100.5,24,S288c,Recombination,405286,left,Interstitial,40475.5,
B3,chr4,527743,538069,527636.5,538094.5,10458,9,S288c,Recombination,526732.5,left,Interstitial,77870.5,
B3,chr4,598184,605994,597600.5,606473,8872.5,37,YJM789,Recombination,596696.5,left,Interstitial,147834.5,
B3,chr4,656349,657366,655921,657579,1658,5,S288c,Recombination,655017,left,Interstitial,206155,
B3,chr4,717377,725461,717018.5,725876.5,8858,45,S288c,Recombination,716114.5,left,Interstitial,267252.5,
B3,chr4,814278,815632,814196,815676.5,1480.5,5,S288c,Recombination,708948.5,right,Interstitial,364430,
B3,chr4,818102,967037,817862.5,967412,149549.5,457,S288c,Recombination,557213,right,Interstitial,368096.5,
B3,chr4,969384,1152705,968925,1152825.5,183900.5,399,S288c,Recombination,371799.5,right,Interstitial,519159,
B3,chr4,1155785,1157008,1155053,1157139.5,2086.5,11,S288c,Recombination,367485.5,right,Interstitial,705287,
B3,chr4,1504290,1504301,1504196.5,1504482,285.5,3,S288c,Recombination,20143,right,Interstitial,1054430.5,
B3,chr4,17352,18141,17352,18356,1004,9,YJM789,Recombination,16448,left,Interstitial,431410,
B3,chr4,18651,162819,18637.5,163073,144435.5,944,YJM789,Recombination,17733.5,left,Terminal,286693,
B3,chr5,68268,68547,68019,68595,576,3,S288c,Recombination,61546,left,Interstitial,83450.5,
B3,chr5,407065,410947,405774,411958,6184,16,S288c,Recombination,157641,right,Interstitial,253728.5,
B3,chr5,513154,514855,512909,514970.5,2061.5,12,YJM789,Recombination,54628.5,right,Interstitial,360863.5,
B3,chr5,6965,7069,6943,7141,198,12,S288c,Deletion,470,left,Interstitial,144904.5,
B3,chr5,561590,564343,561567.5,564349,2781.5,84,S288c,Recombination,5250,right,Interstitial,409522,
B3,chr5,564461,565675,564446,565693,1247,41,S288c,Recombination,3906,right,Interstitial,412400.5,
B3,chr5,567548,568408,567511.5,568415.5,904,33,S288c,Recombination,1183.5,right,Interstitial,415466,
B3,chr5,526682,561510,526387,561517,35130,254,S288c,Recombination,8082,right,Terminal,374341.5,
B3,chr7,41268,42563,38405.5,42883.5,4478,5,S288c,Recombination,37624.5,left,Interstitial,454095.5,
B3,chr7,112754,115633,112502,115752.5,3250.5,17,S288c,Recombination,111721,left,Interstitial,381226.5,
B3,chr8,35149,35378,34857,36091.5,1234.5,3,S288c,Recombination,29352,left,Interstitial,69553,
B3,chr8,57977,58733,57941,58919.5,978.5,11,YJM789,Recombination,52436,left,Interstitial,46725,
B3,chr8,93035,93056,93034,93059,25,3,S288c,Recombination,87529,left,Interstitial,12585.5,
B3,chr8,194221,194377,194206,194432,226,4,S288c,Deletion,188701,left,Interstitial,88561.5,
B3,chr8,252956,254330,245994.5,254490.5,8496,13,YJM789,Recombination,240489.5,left,Interstitial,140350,
B3,chr8,441833,451458,441366.5,451947,10580.5,51,YJM789,Recombination,104158,right,Interstitial,335722,
B3,chr8,554434,554454,554411.5,554553.5,142,3,S288c,Recombination,1551.5,right,Interstitial,448767,
B3,chr8,556136,556225,556106,556271.5,165.5,6,S288c,Recombination,0,right,Interstitial,450461.5,
B3,chr8,452955,528510,452939,540938,87999,252,S288c,Recombination,15167,right,Terminal,347294.5,
B3,chr9,39258,195961,39181,195997,156816,778,YJM789,Recombination,31397,left,Interstitial,159690,
B3,chr9,196033,198411,195997,198667.5,2670.5,25,S288c,Recombination,188213,left,Interstitial,157019.5,
B3,chr9,198924,236044,198667.5,236334,37666.5,156,YJM789,Recombination,190883.5,left,Interstitial,119353,
B3,chr9,300538,300559,299681.5,300607,925.5,3,S288c,Recombination,138461,right,Interstitial,55080,
B3,chr9,24157,37822,24157,37904.5,13747.5,175,YJM789,Recombination,16373,left,Terminal,317782.5,
B3,chr10,319781,351163,319384,351435,32051,199,S288c,Recombination,311617,left,Interstitial,84931,
B3,chr10,587243,590069,587035,590091,3056,18,YJM789,Recombination,154811,right,Interstitial,150669,
B3,chr10,24461,318987,24461,319384,294923,1782,YJM789,Recombination,16694,left,Terminal,116982,
B3,chr10,599340,745627,598906,745627,146721,388,YJM789,Recombination,0,right,Terminal,162540,
B3,chr11,107762,110832,107329,111291,3962,5,YJM789,Recombination,106522,left,Interstitial,328896.5,
B3,chr11,152904,184809,152821.5,185393,32571.5,131,YJM789,Recombination,152014.5,left,Interstitial,254794.5,
B3,chr11,606884,620200,606631,620320,13689,77,S288c,Recombination,45584,right,Interstitial,166443.5,
B3,chr11,666420,666468,666416,666468,52,4,S288c,Recombination,0,right,Interstitial,226228.5,
B3,chr12,97108,97171,96638.5,97300,661.5,6,S288c,Recombination,84553.5,left,Interstitial,53587.5,
B3,chr12,460694,618108,460423,618193.5,157770.5,612,S288c,Recombination,446087.5,right,Interstitial,309535.5,
B3,chr12,618279,619971,618193.5,620451,2257.5,5,YJM789,Recombination,443830,right,Interstitial,467306,
B3,chr12,620931,665751,620451,666073,45622,154,S288c,Recombination,398208,right,Interstitial,469563.5,
B3,chr12,938596,976087,938366.5,976138,37771.5,180,YJM789,Recombination,88143,right,Interstitial,787479,
B3,chr12,981795,1059564,981776,1059576,77800,389,YJM789,Recombination,4705,right,Terminal,830888.5,
B3,chr13,190128,196246,187002,199364,12362,53,YJM789,Deletion,180658,left,Interstitial,68726,
B3,chr13,289183,372322,288870.5,375409,86538.5,400,S288c,Recombination,282526.5,left,Interstitial,20780.5,
B3,chr13,378730,600288,378622,600321,221699,1140,S288c,Recombination,323220,right,Interstitial,110532,
B3,chr13,602564,637703,602513,638681,36168,185,S288c,Recombination,284860,right,Interstitial,334423,
B3,chr13,793043,798063,792668,798076.5,5408.5,35,S288c,Recombination,125464.5,right,Interstitial,524578,
B3,chr14,190588,196166,190403.5,196246,5842.5,35,S288c,Recombination,182975.5,left,Interstitial,432570.5,
B3,chr14,252203,254966,251549.5,254997,3447.5,9,S288c,Recombination,244121.5,left,Interstitial,373819.5,
B3,chr14,376313,379436,375486,379568,4082,4,YJM789,Recombination,368058,left,Interstitial,249248.5,
B3,chr14,470301,473370,468760,473509,4749,10,S288c,Recombination,309769,right,Interstitial,155307.5,
B3,chr14,508321,514279,507999,514574.5,6575.5,35,YJM789,Recombination,268703.5,right,Interstitial,114242,
B3,chr14,522405,522606,522217.5,523851,1633.5,10,S288c,Recombination,259427,right,Interstitial,104965.5,
B3,chr14,569990,570167,569982.5,571214,1231.5,8,S288c,Recombination,212064,right,Interstitial,57602.5,
B3,chr14,614395,620041,613927,620205,6278,17,S288c,Recombination,163073,right,Interstitial,8611.5,
B3,chr14,704548,704562,704496,704569.5,73.5,3,S288c,Recombination,78708.5,right,Interstitial,75679.5,
B3,chr15,29592,182386,27455.5,183589.5,156134,1011,S288c,Recombination,26608.5,left,Interstitial,143053.5,
B3,chr15,334926,338412,333528.5,339198.5,5670,8,S288c,Recombination,332681.5,left,Interstitial,6885.5,
B3,chr15,345678,349365,345100.5,350180,5079.5,35,YJM789,Recombination,344253.5,left,Interstitial,18457.5,
B3,chr15,1073009,1073030,1072288,1073362.5,1074.5,4,S288c,Deletion,10559.5,right,Interstitial,745645,
B3,chr16,97603,97663,97427.5,97667.5,240,3,S288c,Recombination,90204.5,left,Interstitial,458347.5,
B3,chr16,252117,253090,250768,254032,3264,6,YJM789,Recombination,243545,left,Interstitial,301983,
B3,chr16,581566,581608,581532.5,581625.5,93,5,S288c,Recombination,360770.5,right,Interstitial,25517.5,
B3,chr16,15762,16608,15762,16727.5,965.5,3,S288c,Deletion,8539,left,Interstitial,539287.5,
B3,chr16,19227,19253,18103.5,19260.5,1157,5,S288c,Recombination,10880.5,left,Interstitial,536754.5,
B5,chr1,22696,23813,22612,24289.5,1677.5,4,S288c,Deletion,21811,left,Interstitial,127234,
B5,chr1,28167,127572,27927.5,127726.5,99799,703,S288c,Recombination,27126.5,left,Interstitial,23797,
B5,chr1,160234,160242,160206.5,163119.5,2913,3,S288c,Recombination,66291.5,right,Interstitial,8683,
B5,chr1,203588,203590,203270.5,203697,426.5,3,S288c,Deletion,25714,right,Interstitial,51747,
B5,chr1,2542,11743,2539,12578,10039,68,S288c,Recombination,1738,left,Interstitial,138945.5,
B5,chr1,18413,18457,18395,18505,110,3,S288c,Recombination,17594,left,Interstitial,133018.5,
B5,chr2,188701,188743,188287,188976,689,3,YJM789,Recombination,181679,left,Interstitial,49289,
B5,chr2,537821,538121,537497.5,538520,1022.5,7,S288c,Recombination,273859,right,Interstitial,299232.5,
B5,chr2,635577,637399,634768.5,639235,4466.5,3,S288c,Recombination,173144,right,Interstitial,396503.5,
B5,chr3,292718,292732,292675.5,292776.5,101,3,S288c,Recombination,23006.5,right,Interstitial,178232.5,
B5,chr3,4489,9219,4430,9242,4812,3,S288c,Recombination,3332,left,Interstitial,105201,
B5,chr3,304198,304299,304041,305418.5,1377.5,3,S288c,Recombination,10364.5,right,Interstitial,189598,
B5,chr3,11578,55139,11352,55427.5,44075.5,66,S288c,Recombination,10254,left,Terminal,59015.5,
B5,chr4,53011,57851,52783.5,58065,5281.5,23,YJM789,Recombination,51879.5,left,Interstitial,391701,
B5,chr4,818791,821641,818446.5,821917.5,3471,12,YJM789,Recombination,702707.5,right,Interstitial,368680.5,
B5,chr4,1065086,1089460,1062548,1100721.5,38173.5,15,YJM789,Recombination,423903.5,right,Interstitial,612782,
B5,chr4,18651,18671,18637.5,18673,35.5,4,S288c,Deletion,17733.5,left,Interstitial,431093,
B5,chr5,53463,56315,52955.5,56545,3589.5,14,S288c,Recombination,46482.5,left,Interstitial,95500.5,
B5,chr5,449685,492440,446608,495512,48904,184,YJM789,Deletion,74087,right,Interstitial,294562.5,
B5,chr5,526682,527771,526387,528604,2217,7,YJM789,Recombination,40995,right,Interstitial,374341.5,
B5,chr6,34508,35514,34197,35550,1353,19,YJM789,Recombination,28667,left,Interstitial,113018.5,
B5,chr6,92092,94156,91976.5,94316.5,2340,22,S288c,Recombination,86446.5,left,Interstitial,54252,
B5,chr6,101826,104698,101545,105034,3489,25,S288c,Recombination,96015,left,Interstitial,43534.5,
B5,chr6,25898,29907,16126,30047,13921,27,S288c,Deletion,10596,left,Terminal,118521.5,
B5,chr7,145098,149109,145011,152680.5,7669.5,28,YJM789,Deletion,144230,left,Interstitial,344298.5,
B5,chr7,496982,497029,496965,497037.5,72.5,7,S288c,Recombination,496184,left,Interstitial,0,
B5,chr7,612759,616421,611716.5,618024,6307.5,4,YJM789,Recombination,465611,right,Interstitial,114737.5,
B5,chr8,93655,93665,93478.5,93744.5,266,3,S288c,Recombination,87973.5,left,Interstitial,11900,
B5,chr8,179402,183744,179381.5,183794.5,4413,21,S288c,Recombination,173876.5,left,Interstitial,73737,
B5,chr8,278268,345359,272661.5,345837,73175.5,87,YJM789,Recombination,210268,right,Interstitial,167017,
B5,chr8,346315,352207,345837,352851,7014,41,S288c,Recombination,203254,right,Interstitial,240192.5,
B5,chr8,353495,525457,352851,525464.5,172613.5,713,YJM789,Recombination,30640.5,right,Interstitial,247206.5,
B5,chr8,528226,528367,528161,528431.5,270.5,5,YJM789,Recombination,27673.5,right,Interstitial,422516.5,
B5,chr8,21911,30051,21430.5,30303.5,8873,26,YJM789,Recombination,15925.5,left,Terminal,75341,
B5,chr9,32569,33870,32526,33939.5,1413.5,41,YJM789,Deletion,24742,left,Interstitial,321747.5,
B5,chr9,37634,37822,37160.5,37882,721.5,5,S288c,Recombination,29376.5,left,Interstitial,317805,
B5,chr9,39258,43318,39181,43405.5,4224.5,27,S288c,Recombination,31397,left,Interstitial,312281.5,
B5,chr9,24157,29700,24157,30307.5,6150.5,87,S288c,Recombination,16373,left,Terminal,325379.5,
B5,chr10,310843,318987,310749.5,319384,8634.5,45,YJM789,Recombination,302982.5,left,Interstitial,116982,
B5,chr10,319781,330287,319384,330378.5,10994.5,69,S288c,Recombination,311617,left,Interstitial,105987.5,
B5,chr10,330470,361340,330378.5,361412.5,31034,184,YJM789,Recombination,322611.5,left,Interstitial,74953.5,
B5,chr10,361485,363087,361412.5,365160,3747.5,6,S288c,Recombination,353645.5,left,Interstitial,71206,
B5,chr10,381644,399972,374464,400109,25645,76,S288c,Recombination,344793,right,Interstitial,36257,
B5,chr10,400303,403967,400287.5,404196.5,3909,19,S288c,Recombination,340705.5,right,Interstitial,32169.5,
B5,chr10,460988,461695,460894.5,462092.5,1198,4,YJM789,Recombination,282809.5,right,Interstitial,24528.5,
B5,chr10,605034,606584,603751.5,607009,3257.5,6,S288c,Recombination,137893,right,Interstitial,167385.5,
B5,chr10,609577,622386,608713.5,622405,13691.5,60,S288c,Recombination,122497,right,Interstitial,172347.5,
B5,chr10,649035,653283,648748,653500,4752,9,S288c,Recombination,91402,right,Interstitial,212382,
B5,chr10,24461,310656,24461,310749.5,286288.5,1737,S288c,Recombination,16694,left,Terminal,125616.5,
B5,chr11,201803,204194,201589.5,204837.5,3248,20,YJM789,Recombination,200782.5,left,Interstitial,235350,
B5,chr11,211000,221321,210899.5,221371.5,10472,71,S288c,Recombination,210092.5,left,Interstitial,218816,
B5,chr11,330549,343522,330252,343647,13395,89,YJM789,Recombination,322257,right,Interstitial,96540.5,
B5,chr11,361015,362322,360977.5,362479,1501.5,25,YJM789,Recombination,303425,right,Interstitial,77708.5,
B5,chr11,486704,571596,485589,571674,86085,423,YJM789,Recombination,94230,right,Interstitial,45401.5,
B5,chr11,571752,666468,571674,666468,94794,395,S288c,Recombination,0,right,Terminal,131486.5,
B5,chr13,142395,162681,142188.5,162739,20550.5,103,S288c,Recombination,135844.5,left,Interstitial,105351,
B5,chr13,323942,325975,323690.5,326089,2398.5,20,YJM789,Recombination,317346.5,left,Interstitial,55600.5,
B5,chr13,356090,372322,355926.5,375409,19482.5,88,S288c,Recombination,349582.5,left,Interstitial,87836.5,
B5,chr13,378730,600288,378622,600321,221699,1140,S288c,Recombination,323220,right,Interstitial,110532,
B5,chr13,602564,637703,602513,638681,36168,181,S288c,Recombination,284860,right,Interstitial,334423,
B5,chr13,793043,798063,792668,798076.5,5408.5,35,S288c,Recombination,125464.5,right,Interstitial,524578,
B5,chr14,20282,24680,20201,25517.5,5316.5,23,S288c,Recombination,12773,left,Interstitial,603299,
B5,chr15,24643,203344,24564.5,203365,178800.5,1074,S288c,Recombination,23717.5,left,Interstitial,123278,
B5,chr15,207397,207452,207364.5,207727,362.5,3,S288c,Recombination,206517.5,left,Interstitial,118916,
B5,chr15,380023,381556,380000.5,381563.5,1563,20,YJM789,Recombination,379153.5,left,Interstitial,53357.5,
B5,chr15,622044,622053,622041,622056.5,15.5,5,S288c,Recombination,461865.5,right,Interstitial,295398,
B5,chr15,690955,692352,690716,692583,1867,11,S288c,Recombination,391339,right,Interstitial,364073,
B5,chr15,718180,721322,717728.5,721491.5,3763,13,S288c,Recombination,362430.5,right,Interstitial,391085.5,
B5,chr15,934022,935504,933971,936581,2610,9,YJM789,Recombination,147341,right,Interstitial,607328,
B5,chr15,12077,22522,12077,23449,11372,117,S288c,Recombination,11230,left,Terminal,303194,
B5,chr16,62472,64405,62430,64453.5,2023.5,6,S288c,Recombination,55207,left,Interstitial,491561.5,
B5,chr16,19655,19659,19647,19824.5,177.5,3,S288c,Deletion,12424,left,Interstitial,536190.5,
B7,chr1,28167,77884,27927.5,78035.5,50108,362,YJM789,Recombination,27126.5,left,Interstitial,73488,
B7,chr1,78187,88645,78035.5,88695,10659.5,73,S288c,Recombination,77234.5,left,Interstitial,62828.5,
B7,chr1,173222,176015,172305.5,176092,3786.5,11,S288c,Recombination,53319,right,Interstitial,20782,
B7,chr1,203588,203590,203270.5,203697,426.5,3,S288c,Recombination,25714,right,Interstitial,51747,
B7,chr1,2542,18517,2539,18535,15996,86,YJM789,Recombination,1738,left,Interstitial,132988.5,
B7,chr1,22528,24951,20551,25070.5,4519.5,9,YJM789,Recombination,19750,left,Terminal,126453,
B7,chr2,232618,234856,232227.5,234984.5,2757,8,S288c,Recombination,225619.5,left,Interstitial,3280.5,
B7,chr2,363190,565750,363167,565903,202736,1165,YJM789,Recombination,246476,right,Interstitial,124902,
B7,chr2,566056,566160,565903,566314.5,411.5,3,S288c,Recombination,246064.5,right,Interstitial,327638,
B7,chr2,566469,641467,566314.5,641654.5,75340,490,YJM789,Recombination,170724.5,right,Interstitial,328049.5,
B7,chr2,641842,648554,641654.5,648706,7051.5,41,S288c,Recombination,163673,right,Interstitial,403389.5,
B7,chr2,648858,741344,648706,741541,92835,259,YJM789,Recombination,70838,right,Interstitial,410441,
B7,chr2,744063,744417,743392,744441.5,1049.5,7,YJM789,Recombination,67937.5,right,Interstitial,505127,
B7,chr2,6680,6704,6680,6772.5,92.5,5,S288c,Deletion,72,left,Interstitial,231492.5,
B7,chr2,748042,801926,747609.5,802135,54525.5,151,YJM789,Recombination,10244,right,Terminal,509344.5,
B7,chr3,152546,168408,152096,170143,18047,19,YJM789,Recombination,145640,right,Interstitial,37653,
B7,chr3,235472,240608,235202,240765,5563,23,YJM789,Recombination,75018,right,Interstitial,120759,
B7,chr3,242239,243453,242234.5,244387,2152.5,11,YJM789,Recombination,71396,right,Interstitial,127791.5,
B7,chr3,303851,303884,303836,304041,205,4,S288c,Deletion,11742,right,Interstitial,189393,
B7,chr3,314439,314585,314401.5,314585,183.5,9,S288c,Recombination,1198,right,Interstitial,199958.5,
B7,chr3,11578,105854,11352,106081,94729,224,S288c,Recombination,10254,left,Terminal,8362,
B7,chr4,262660,263044,262244,263288,1044,5,S288c,Recombination,261340,left,Interstitial,186478,
B7,chr4,275448,279796,275368.5,279993.5,4625,20,YJM789,Recombination,274464.5,left,Interstitial,169772.5,
B7,chr4,527743,538054,527636.5,538055.5,10419,6,S288c,Recombination,526732.5,left,Interstitial,77870.5,
B7,chr4,706032,709938,704968.5,710019,5050.5,22,YJM789,Recombination,704064.5,left,Interstitial,255202.5,
B7,chr4,713074,778992,713042.5,779076.5,66034,245,S288c,Recombination,712138.5,left,Interstitial,263276.5,
B7,chr4,779966,967037,779711,967412,187701,604,S288c,Recombination,557213,right,Interstitial,329945,
B7,chr4,969384,1089460,968925,1116041,147116,322,S288c,Recombination,408584,right,Interstitial,519159,
B7,chr4,1142622,1152705,1116041,1152825.5,36784.5,77,YJM789,Recombination,371799.5,right,Interstitial,666275,
B7,chr4,1155785,1157008,1155053,1157139.5,2086.5,11,YJM789,Recombination,367485.5,right,Interstitial,705287,
B7,chr5,106822,108381,106714.5,108565.5,1851,8,YJM789,Recombination,100241.5,left,Interstitial,43480,
B7,chr5,207241,207285,207231.5,207374.5,143,3,S288c,Deletion,200758.5,left,Interstitial,55186,
B7,chr5,435309,443177,435241.5,443233.5,7992,66,YJM789,Recombination,126365.5,right,Interstitial,283196,
B7,chr5,453556,461447,453253.5,461954.5,8701,59,YJM789,Recombination,107644.5,right,Interstitial,301208,
B7,chr5,476809,516437,474034,517012,42978,209,S288c,Recombination,52587,right,Interstitial,321988.5,
B7,chr5,561590,564343,561567.5,564349,2781.5,84,S288c,Recombination,5250,right,Interstitial,409522,
B7,chr5,564461,565675,564446,565693,1247,41,S288c,Recombination,3906,right,Interstitial,412400.5,
B7,chr5,567548,568408,567511.5,568415.5,904,33,S288c,Recombination,1183.5,right,Interstitial,415466,
B7,chr5,526682,561510,526387,561517,35130,254,S288c,Recombination,8082,right,Terminal,374341.5,
B7,chr6,30187,88000,30047,88254,58207,347,S288c,Recombination,24517,left,Interstitial,60314.5,
B7,chr6,6065,6272,6065,6311.5,246.5,9,S288c,Recombination,535,left,Interstitial,142257,
B7,chr7,20931,21025,20926,21030,104,8,S288c,Deletion,20145,left,Interstitial,475949,
B7,chr7,111582,111607,111161,111608,447,4,S288c,Deletion,110380,left,Interstitial,385371,
B7,chr7,626608,645493,626013,645725.5,19712.5,47,YJM789,Recombination,437909.5,right,Interstitial,129034,
B7,chr7,734668,742148,732636,743439.5,10803.5,11,YJM789,Recombination,340195.5,right,Interstitial,235657,
B7,chr7,879079,902040,878974,902163.5,23189.5,149,YJM789,Recombination,181471.5,right,Interstitial,381995,
B7,chr7,927,954,795,966,171,5,S288c,Recombination,14,left,Interstitial,496013,
B7,chr7,1145,1193,1112.5,1307.5,195,3,S288c,Recombination,331.5,left,Interstitial,495671.5,
B7,chr7,1068344,1068422,1068326,1068422,96,4,S288c,Deletion,15213,right,Interstitial,571347,
B7,chr8,554135,554298,554086.5,554330,243.5,11,S288c,Recombination,1775,right,Interstitial,448442,
B7,chr8,556136,556197,556106,556257.5,151.5,4,S288c,Recombination,0,right,Interstitial,450461.5,
B7,chr8,556598,556662,556586.5,556662,75.5,3,S288c,Recombination,0,right,Interstitial,450942,
B7,chr9,33449,33503,33442,33512.5,70.5,4,S288c,Recombination,25658,left,Interstitial,322174.5,
B7,chr9,360677,365934,360545,366544.5,5999.5,28,YJM789,Recombination,72523.5,right,Interstitial,4858,
B7,chr9,27118,27132,27093,27175.5,82.5,3,S288c,Deletion,19309,left,Interstitial,328511.5,
B7,chr10,354679,354692,354603,355070,467,3,S288c,Recombination,346836,left,Interstitial,81296,
B7,chr10,507091,513941,506757.5,514839,8081.5,15,S288c,Recombination,230063,right,Interstitial,70391.5,
B7,chr10,745529,745627,736328.5,745627,9298.5,8,S288c,Deletion,0,right,Interstitial,299962.5,
B7,chr11,257708,263025,253229,263449,10220,27,S288c,Recombination,252422,left,Interstitial,176738.5,
B7,chr11,358428,362322,358309.5,362479,4169.5,42,S288c,Recombination,303425,right,Interstitial,77708.5,
B7,chr11,367626,368278,367579.5,368401.5,822,16,S288c,Recombination,297502.5,right,Interstitial,71786,
B7,chr11,371456,387902,370572.5,388319.5,17747,85,S288c,Recombination,277584.5,right,Interstitial,51868,
B7,chr11,2796,15277,2758,15435.5,12677.5,99,YJM789,Recombination,1951,left,Interstitial,424752,
B7,chr11,15642,19032,15630,19487,3857,7,YJM789,Recombination,14823,left,Interstitial,420700.5,
B7,chr11,495987,666468,495759,666468,170709,804,YJM789,Recombination,0,right,Terminal,55571.5,
B7,chr12,234144,242983,231751,243204.5,11453.5,58,S288c,Recombination,219666,left,Interstitial,80863.5,
B7,chr12,415537,434603,414830,438816.5,23986.5,15,YJM789,Recombination,402745,left,Interstitial,263942.5,
B7,chr12,460694,665751,460423,666073,205650,770,S288c,Recombination,398208,right,Interstitial,309535.5,
B7,chr12,938596,976087,938366.5,976138,37771.5,180,YJM789,Recombination,88143,right,Interstitial,787479,
B7,chr12,1059711,1059731,1059654.5,1059753,98.5,3,S288c,Recombination,4528,right,Interstitial,908767,
B7,chr12,981795,1059564,981776,1059576,77800,391,YJM789,Recombination,4705,right,Terminal,830888.5,
B7,chr13,9746,47637,9746,48225.5,38479.5,118,S288c,Recombination,3402,left,Terminal,219864.5,
B7,chr14,569990,570167,569982.5,571348,1365.5,8,S288c,Deletion,211930,right,Interstitial,57468.5,
B7,chr14,573898,574027,573288,574030,742,6,S288c,Recombination,209248,right,Interstitial,54786.5,
B7,chr14,698660,702456,698288.5,702587.5,4299,26,YJM789,Recombination,80690.5,right,Interstitial,69472,
B7,chr14,704548,704562,704496,704569.5,73.5,3,S288c,Deletion,78708.5,right,Interstitial,75679.5,
B7,chr15,43623,43626,43611,43627,16,3,S288c,Recombination,42764,left,Interstitial,283016,
B7,chr15,115122,115148,115119,115156,37,3,S288c,Recombination,114272,left,Interstitial,211487,
B7,chr15,385035,387059,385019.5,387492.5,2473,52,S288c,Recombination,384172.5,left,Interstitial,58376.5,
B7,chr15,438026,514953,437675,514953.5,77278.5,509,S288c,Recombination,436828,left,Interstitial,111032,
B7,chr15,515138,551019,515128.5,552956,37827.5,224,S288c,Recombination,514281.5,left,Interstitial,188485.5,
B7,chr15,554893,559546,552956,571813.5,18857.5,5,YJM789,Recombination,512108.5,right,Interstitial,226313,
B7,chr15,584081,621321,571813.5,621365,49551.5,253,S288c,Recombination,462557,right,Interstitial,245170.5,
B7,chr15,622044,623442,622041,623445,1404,50,S288c,Recombination,460477,right,Interstitial,295398,
B7,chr15,624491,692352,624422.5,692583,68160.5,217,S288c,Recombination,391339,right,Interstitial,297779.5,
B7,chr15,697375,893238,696994.5,893416.5,196422,694,S288c,Recombination,190505.5,right,Interstitial,370351.5,
B7,chr15,895667,931681,895412.5,931856.5,36444,147,S288c,Recombination,152065.5,right,Interstitial,568769.5,
B7,chr15,932032,970186,931856.5,970198,38341.5,98,YJM789,Recombination,113724,right,Interstitial,605213.5,
B7,chr15,976495,1073752,973365,1074654,101289,126,YJM789,Recombination,9268,right,Terminal,646722,
B7,chr16,128382,152472,128183.5,155355,27171.5,78,YJM789,Recombination,120960.5,left,Interstitial,400660,
B7,chr16,323715,323982,323592,324000,408,4,S288c,Recombination,316369,left,Interstitial,232015,
B7,chr16,487838,493529,487580,493757.5,6177.5,16,YJM789,Recombination,448638.5,right,Interstitial,62257.5,
B7,chr16,581566,581608,581532.5,581625.5,93,5,S288c,Recombination,360770.5,right,Interstitial,25517.5,
B7,chr16,822297,850515,819420.5,853471.5,34051,121,S288c,Recombination,88924.5,right,Interstitial,263405.5,
B7,chr16,15762,16608,15762,16727.5,965.5,3,S288c,Recombination,8539,left,Interstitial,539287.5,
B7,chr16,19227,19326,18103.5,19332,1228.5,9,S288c,Recombination,10880.5,left,Interstitial,536683,
B7,chr16,19639,19659,19629.5,19824.5,195,4,S288c,Deletion,12406.5,left,Interstitial,536190.5,
B7,chr16,857345,942354,856895.5,942354,85458.5,587,S288c,Recombination,42,right,Terminal,300880.5,
B8,chr1,27385,27402,27339,27403.5,64.5,4,S288c,Recombination,26538,left,Interstitial,124120,
B8,chr1,28167,128052,27927.5,128237.5,100310,706,YJM789,Recombination,27126.5,left,Interstitial,23286,
B8,chr1,135325,136160,134229.5,138672,4442.5,6,YJM789,Recombination,90739,right,Interstitial,12851.5,
B8,chr1,147414,148260,146976.5,148573,1596.5,10,YJM789,Recombination,80838,right,Interstitial,2950.5,
B8,chr1,2542,18517,2539,18535,15996,84,YJM789,Deletion,1738,left,Interstitial,132988.5,
B8,chr1,22528,24951,20551,25070.5,4519.5,9,YJM789,Recombination,19750,left,Terminal,126453,
B8,chr2,179872,184343,179641,184637.5,4996.5,29,S288c,Recombination,173033,left,Interstitial,53627.5,
B8,chr2,184932,187873,184637.5,188287,3649.5,17,YJM789,Recombination,178029.5,left,Interstitial,49978,
B8,chr2,292716,392785,291667.5,393366,101698.5,472,YJM789,Recombination,285059.5,left,Interstitial,53402.5,
B8,chr2,393947,400827,393366,401207.5,7841.5,31,S288c,Recombination,386758,left,Interstitial,155101,
B8,chr2,401588,495994,401207.5,496107,94899.5,484,YJM789,Recombination,316272,right,Interstitial,162942.5,
B8,chr2,496220,497022,496107,497685,1578,3,S288c,Recombination,314694,right,Interstitial,257842,
B8,chr2,498348,741344,497685,741541,243856,1238,YJM789,Recombination,70838,right,Interstitial,259420,
B8,chr2,744063,744417,743392,744441.5,1049.5,7,YJM789,Recombination,67937.5,right,Interstitial,505127,
B8,chr2,6680,6841,6680,7501,821,6,YJM789,Recombination,72,left,Interstitial,230764,
B8,chr2,8250,176261,8244,176941.5,168697.5,798,YJM789,Recombination,1636,left,Terminal,61323.5,
B8,chr2,748042,801699,747609.5,802021.5,54412,149,YJM789,Recombination,10357.5,right,Terminal,509344.5,
B8,chr3,124050,125001,123979,125901.5,1922.5,5,YJM789,Recombination,122881,left,Interstitial,9536,
B8,chr3,261331,272738,260765.5,273043,12277.5,29,YJM789,Recombination,42740,right,Interstitial,146322.5,
B8,chr3,306908,306928,306905,306947.5,42.5,4,S288c,Recombination,8835.5,right,Interstitial,192462,
B8,chr4,351097,354974,351062.5,355553.5,4491,20,S288c,Recombination,350158.5,left,Interstitial,94212.5,
B8,chr4,356133,356945,355553.5,357622,2068.5,3,YJM789,Recombination,354649.5,left,Interstitial,92144,
B8,chr4,373089,374879,372972,374891,1919,7,YJM789,Recombination,372068,left,Interstitial,74875,
B8,chr4,491790,526657,488756.5,526663,37906.5,124,S288c,Recombination,487852.5,left,Interstitial,38990.5,
B8,chr4,526783,653336,526773,653711,126938,495,S288c,Recombination,525869,left,Interstitial,77007,
B8,chr4,654086,778992,653711,779076.5,125365.5,678,YJM789,Recombination,652807,left,Interstitial,203945,
B8,chr4,779966,967037,779711,967412,187701,604,YJM789,Recombination,557213,right,Interstitial,329945,
B8,chr4,969384,1152705,968925,1152825.5,183900.5,399,YJM789,Recombination,371799.5,right,Interstitial,519159,
B8,chr4,1155785,1157008,1155053,1157139.5,2086.5,11,YJM789,Recombination,367485.5,right,Interstitial,705287,
B8,chr5,214752,217319,214369.5,217786,3416.5,12,YJM789,Recombination,207896.5,left,Interstitial,62324,
B8,chr5,396464,402575,396239,402648.5,6409.5,34,S288c,Recombination,166950.5,right,Interstitial,244193.5,
B8,chr5,415310,417297,414295.5,417404,3108.5,6,S288c,Recombination,152195,right,Interstitial,262250,
B8,chr5,419085,422511,418938.5,422562,3623.5,14,S288c,Recombination,147037,right,Interstitial,266893,
B8,chr5,515785,516437,515435.5,517012,1576.5,6,S288c,Recombination,52587,right,Interstitial,363390,
B8,chr5,9859,10202,9740.5,10411.5,671,4,S288c,Recombination,3267.5,left,Interstitial,141634,
B8,chr5,552374,561510,552102,561517,9415,125,S288c,Recombination,8082,right,Interstitial,400056.5,
B8,chr5,561590,564343,561567.5,564349,2781.5,84,S288c,Recombination,5250,right,Interstitial,409522,
B8,chr5,564461,565675,564446,565693,1247,41,S288c,Deletion,3906,right,Interstitial,412400.5,
B8,chr5,567548,568408,567511.5,568415.5,904,33,S288c,Recombination,1183.5,right,Interstitial,415466,
B8,chr5,526682,550011,526387,550094,23707,109,S288c,Recombination,19505,right,Terminal,374341.5,
B8,chr6,99734,100526,99432.5,100646,1213.5,9,S288c,Recombination,93902.5,left,Interstitial,47922.5,
B8,chr6,221528,226810,220303.5,226812.5,6509,14,YJM789,Recombination,42918.5,right,Interstitial,71735,
B8,chr6,253673,266889,252195.5,266889,14693.5,127,S288c,Recombination,2842,right,Interstitial,103627,
B8,chr7,111921,112033,111865,112095.5,230.5,5,YJM789,Recombination,111084,left,Interstitial,384883.5,
B8,chr7,596099,630680,595719.5,632500.5,36781,46,YJM789,Recombination,451134.5,right,Interstitial,98740.5,
B8,chr7,640432,641721,637536,641881.5,4345.5,3,YJM789,Recombination,441753.5,right,Interstitial,140557,
B8,chr7,643280,647389,643215.5,647793.5,4578,12,YJM789,Recombination,435841.5,right,Interstitial,146236.5,
B8,chr7,794286,794535,794163.5,794570,406.5,4,S288c,Recombination,289065,right,Interstitial,297184.5,
B8,chr7,1145,1193,1112.5,1307.5,195,3,S288c,Recombination,331.5,left,Interstitial,495671.5,
B8,chr7,3333,3834,3319,3925.5,606.5,7,S288c,Recombination,2538,left,Interstitial,493053.5,
B8,chr7,984084,1079127,984058.5,1079127,95068.5,481,YJM789,Recombination,4508,right,Terminal,487079.5,
B8,chr8,93026,93056,93020,93059,39,5,S288c,Deletion,87515,left,Interstitial,12585.5,
B8,chr8,12662,34565,12639,34857,22218,103,YJM789,Recombination,7134,left,Terminal,70787.5,
B8,chr9,38053,38447,37937.5,38457,519.5,9,S288c,Recombination,30153.5,left,Interstitial,317230,
B8,chr9,38988,39104,38810,39181,371,3,S288c,Recombination,31026,left,Interstitial,316506,
B8,chr10,361340,361646,360806.5,361981,1174.5,3,S288c,Recombination,353039.5,left,Interstitial,74385,
B8,chr10,381644,399972,374464,400109,25645,76,S288c,Recombination,344793,right,Interstitial,36257,
B8,chr10,400303,415231,400287.5,415366,15078.5,61,S288c,Recombination,329536,right,Interstitial,21000,
B8,chr10,524596,533424,524576.5,533882.5,9306,50,S288c,Recombination,211019.5,right,Interstitial,88210.5,
B8,chr10,553098,710937,552891.5,713004,160112.5,571,S288c,Recombination,31898,right,Interstitial,116525.5,
B8,chr10,24461,260440,24461,260533.5,236072.5,1426,YJM789,Recombination,16694,left,Terminal,175832.5,
B8,chr10,716647,727128,715877.5,736328.5,20451,20,S288c,Recombination,8573.5,right,Terminal,279511.5,
B8,chr11,553992,563845,553865,564134.5,10269.5,60,YJM789,Recombination,101769.5,right,Interstitial,113677.5,
B8,chr12,60657,61657,60542,61676.5,1134.5,7,YJM789,Recombination,48457,left,Interstitial,89211,
B8,chr12,938596,976087,938366.5,976138,37771.5,180,S288c,Recombination,88143,right,Interstitial,787479,
B8,chr12,1061902,1062194,1061863,1062194,331,6,S288c,Recombination,2087,right,Interstitial,910975.5,
B8,chr12,28676,31899,28512.5,32380,3867.5,23,YJM789,Recombination,16427.5,left,Terminal,118507.5,
B8,chr12,981795,1059473,981776,1059518.5,77742.5,390,S288c,Recombination,4762.5,right,Terminal,830888.5,
B8,chr13,34473,41051,34186,41333,7147,29,YJM789,Recombination,27842,left,Interstitial,226757,
B8,chr13,340779,344475,340729.5,344605.5,3876,27,S288c,Recombination,334385.5,left,Interstitial,72639.5,
B8,chr13,344736,372322,344605.5,375409,30803.5,148,YJM789,Recombination,338261.5,left,Interstitial,76515.5,
B8,chr13,378730,600288,378622,600321,221699,1140,YJM789,Recombination,323220,right,Interstitial,110532,
B8,chr13,602564,606945,602513,608004,5491,32,YJM789,Recombination,315537,right,Interstitial,334423,
B8,chr13,609759,637703,609429,638681,29252,150,YJM789,Recombination,284860,right,Interstitial,341339,
B8,chr13,793043,798063,792668,798076.5,5408.5,35,YJM789,Recombination,125464.5,right,Interstitial,524578,
B8,chr14,497921,503888,497645,504359,6714,48,YJM789,Recombination,278919,right,Interstitial,124457.5,
B8,chr14,776956,781374,774605,781374,6769,9,YJM789,Deletion,1904,right,Interstitial,145788.5,
B8,chr14,15919,52659,12650.5,56344,43693.5,212,S288c,Recombination,5222.5,left,Terminal,572472.5,
B8,chr15,466340,514953,466248.5,514953.5,48705,328,S288c,Recombination,465401.5,left,Interstitial,139605.5,
B8,chr15,515138,621321,515128.5,621365,106236.5,483,S288c,Recombination,462557,right,Interstitial,188485.5,
B8,chr15,622044,623442,622041,623445,1404,50,S288c,Recombination,460477,right,Interstitial,295398,
B8,chr15,624491,692352,624422.5,692583,68160.5,217,S288c,Recombination,391339,right,Interstitial,297779.5,
B8,chr15,697375,893238,696994.5,893416.5,196422,694,S288c,Recombination,190505.5,right,Interstitial,370351.5,
B8,chr15,895667,970186,895412.5,970198,74785.5,246,S288c,Recombination,113724,right,Interstitial,568769.5,
B8,chr15,18026,18115,17990.5,18182.5,192,6,YJM789,Recombination,17143.5,left,Interstitial,308460.5,
B8,chr15,1075581,1075738,1075568.5,1075738,169.5,5,S288c,Recombination,8184,right,Interstitial,748925.5,
B8,chr15,976495,1071523,973365,1071545,98180,120,S288c,Recombination,12377,right,Terminal,646722,
B8,chr16,128382,531193,128183.5,531575,403391.5,1431,YJM789,Recombination,120960.5,left,Interstitial,24440,
B8,chr16,16847,23831,16847,23868.5,7021.5,122,YJM789,Recombination,9624,left,Interstitial,532146.5,
B8,chr16,26200,125270,25848.5,125462,99613.5,728,YJM789,Recombination,18625.5,left,Terminal,430553,
B9,chr1,198664,198677,198656,198692,36,4,S288c,Recombination,30719,right,Interstitial,47132.5,
B9,chr1,206675,207330,205352,207330,1978,4,S288c,Recombination,22081,right,Interstitial,53828.5,
B9,chr2,240542,242746,240295,243091,2796,13,YJM789,Recombination,233687,left,Interstitial,2030,
B9,chr2,641071,643915,639235,643923,4688,19,S288c,Recombination,168456,right,Interstitial,400970,
B9,chr2,6680,6704,6680,6841,161,5,S288c,Recombination,72,left,Interstitial,231424,
B9,chr2,8250,8288,8244,8297,53,6,S288c,Deletion,1636,left,Interstitial,229968,
B9,chr3,83134,84048,82861.5,87427.5,4566,7,YJM789,Deletion,81763.5,left,Interstitial,27015.5,
B9,chr3,94465,109320,93285.5,109458,16172.5,53,S288c,Recombination,92187.5,left,Interstitial,4985,
B9,chr3,184874,186028,184383.5,186132.5,1749,3,S288c,Recombination,129650.5,right,Interstitial,69940.5,
B9,chr3,314472,314585,314464,314585,121,6,S288c,Deletion,1198,right,Interstitial,200021,
B9,chr4,88301,90638,88162.5,90806.5,2644,16,YJM789,Recombination,87258.5,left,Interstitial,358959.5,
B9,chr4,92890,95525,92627,95665,3038,13,S288c,Recombination,91723,left,Interstitial,354101,
B9,chr4,371249,371461,371226.5,371657.5,431,3,YJM789,Recombination,370322.5,left,Interstitial,78108.5,
B9,chr4,526783,526810,526773,526823.5,50.5,3,S288c,Recombination,525869,left,Interstitial,77007,
B9,chr4,559935,561304,559585.5,561615,2029.5,7,S288c,Recombination,558681.5,left,Interstitial,109819.5,
B9,chr4,570106,778992,569488.5,779076.5,209588,1013,YJM789,Recombination,568584.5,left,Interstitial,119722.5,
B9,chr4,779966,967037,779711,967412,187701,604,YJM789,Recombination,557213,right,Interstitial,329945,
B9,chr4,969384,1152705,968925,1152825.5,183900.5,399,YJM789,Recombination,371799.5,right,Interstitial,519159,
B9,chr4,1155785,1157008,1155053,1157139.5,2086.5,11,YJM789,Deletion,367485.5,right,Interstitial,705287,
B9,chr5,158386,159092,158089,159257,1168,3,S288c,Recombination,151616,left,Interstitial,6043.5,
B9,chr5,6986,7069,6980,7141,161,8,S288c,Recombination,507,left,Interstitial,144904.5,
B9,chr5,14025,34811,13763.5,35874,22110.5,112,YJM789,Recombination,7290.5,left,Terminal,116171.5,
B9,chr6,94943,95026,94747.5,95167,419.5,3,S288c,Deletion,89217.5,left,Interstitial,53401.5,
B9,chr6,117908,123799,117373.5,125714.5,8341,24,S288c,Recombination,111843.5,left,Interstitial,22854,
B9,chr6,213825,219079,213645,220303.5,6658.5,3,S288c,Recombination,49427.5,right,Interstitial,65076.5,
B9,chr6,6065,6097,6065,6139,74,4,S288c,Recombination,535,left,Interstitial,142429.5,
B9,chr6,25898,29907,16065.5,30047,13981.5,27,S288c,Recombination,10535.5,left,Terminal,118521.5,
B9,chr6,248151,266889,247522,266889,19367,131,S288c,Recombination,2842,right,Terminal,98953.5,
B9,chr7,21077,294111,21059,294858,273799,1323,YJM789,Recombination,20278,left,Interstitial,202121,
B9,chr7,663901,670110,662724,671402.5,8678.5,6,YJM789,Recombination,412232.5,right,Interstitial,165745,
B9,chr7,951500,953316,950658,953435.5,2777.5,13,YJM789,Recombination,130199.5,right,Interstitial,453679,
B9,chr7,965476,973243,965025.5,973689,8663.5,15,YJM789,Recombination,109946,right,Interstitial,468046.5,
B9,chr7,927,1080,861,1112.5,251.5,11,YJM789,Deletion,80,left,Interstitial,495866.5,
B9,chr7,1422,1562,1307.5,1592,284.5,3,YJM789,Recombination,526.5,left,Interstitial,495387,
B9,chr7,1782,1808,1730,1848.5,118.5,3,YJM789,Recombination,949,left,Interstitial,495130.5,
B9,chr7,2283,2370,2094,2837.5,743.5,4,YJM789,Recombination,1313,left,Interstitial,494141.5,
B9,chr7,4017,21025,3937.5,21030,17092.5,120,YJM789,Recombination,3156.5,left,Terminal,475949,
B9,chr7,1023234,1079127,1023025,1079127,56102,206,YJM789,Recombination,4508,right,Terminal,526046,
B9,chr8,82223,82815,81954,82971.5,1017.5,8,YJM789,Recombination,76449,left,Interstitial,22673,
B9,chr8,194266,194377,194243.5,194432,188.5,3,S288c,Deletion,188738.5,left,Interstitial,88599,
B9,chr8,554434,554653,554357,554696.5,339.5,4,S288c,Recombination,1408.5,right,Interstitial,448712.5,
B9,chr8,556598,562225,556397.5,562225,5827.5,4,S288c,Recombination,0,right,Interstitial,450753,
B9,chr8,24674,32029,23292.5,32327.5,9035,32,S288c,Recombination,17787.5,left,Terminal,73317,
B9,chr8,278268,528510,272661.5,540938,268276.5,858,S288c,Recombination,15167,right,Terminal,167017,
B9,chr9,38053,38447,37937.5,38457,519.5,9,S288c,Recombination,30153.5,left,Interstitial,317230,
B9,chr9,38988,39104,38810,39181,371,3,S288c,Recombination,31026,left,Interstitial,316506,
B9,chr9,253199,261061,252823.5,263396.5,10573,32,YJM789,Recombination,175671.5,right,Interstitial,92290.5,
B9,chr9,272672,274009,272520.5,274106,1585.5,11,YJM789,Recombination,164962,right,Interstitial,81581,
B9,chr10,614663,616238,614619,616439.5,1820.5,13,YJM789,Recombination,128462.5,right,Interstitial,178253,
B9,chr10,745543,745627,745536,745627,91,7,S288c,Deletion,0,right,Interstitial,309170,
B9,chr10,24461,345365,24461,345598,321137,1946,S288c,Recombination,16694,left,Terminal,90768,
B9,chr11,547332,553084,547232.5,553177.5,5945,44,S288c,Recombination,112726.5,right,Interstitial,107045,
B9,chr11,2796,15277,2758,15435.5,12677.5,99,S288c,Recombination,1951,left,Interstitial,424752,
B9,chr11,15642,349225,15630,349286,333656,1565,S288c,Recombination,14823,left,Terminal,90901.5,
B9,chr12,318597,321084,316066,321189,5123,8,YJM789,Recombination,303981,left,Interstitial,165178.5,
B9,chr12,490443,665751,475568.5,666073,190504.5,770,S288c,Recombination,398208,right,Interstitial,324681,
B9,chr12,938596,976087,938366.5,976138,37771.5,180,S288c,Recombination,88143,right,Interstitial,787479,
B9,chr12,17583,22201,17583,22298,4715,61,S288c,Recombination,5498,left,Interstitial,128589.5,
B9,chr12,1059711,1059775,1059654.5,1059991,336.5,4,S288c,Recombination,4290,right,Interstitial,908767,
B9,chr12,1061917,1062194,1061909.5,1062194,284.5,5,S288c,Recombination,2087,right,Interstitial,911022,
B9,chr12,981795,1059564,981776,1059576,77800,391,S288c,Recombination,4705,right,Terminal,830888.5,
B9,chr13,284260,290482,283928,290529,6601,38,YJM789,Recombination,277584,left,Interstitial,15838,
B9,chr13,366629,372322,366238.5,375409,9170.5,65,YJM789,Recombination,359894.5,left,Interstitial,98148.5,
B9,chr13,793043,798063,792668,798076.5,5408.5,35,YJM789,Recombination,125464.5,right,Interstitial,524578,
B9,chr13,9746,212859,9746,213284,203538,869,YJM789,Recombination,3402,left,Terminal,54806,
B9,chr14,522469,522606,522453.5,523851,1397.5,6,YJM789,Recombination,259427,right,Interstitial,104965.5,
B9,chr14,570113,570167,570073.5,571214,1140.5,4,S288c,Recombination,212064,right,Interstitial,57602.5,
B9,chr14,599953,599990,599193,600001,808,3,S288c,Deletion,183277,right,Interstitial,28815.5,
B9,chr14,642812,644434,642352,645201.5,2849.5,7,YJM789,Recombination,138076.5,right,Interstitial,13535.5,
B9,chr14,720527,722226,719597,722308,2711,6,YJM789,Recombination,60970,right,Interstitial,90780.5,
B9,chr15,24643,24665,24564.5,24667,102.5,4,S288c,Recombination,23717.5,left,Interstitial,301976,
B9,chr15,74789,76996,74703.5,77076,2372.5,25,S288c,Recombination,73856.5,left,Interstitial,249567,
B9,chr15,489305,495905,489042.5,496136.5,7094,52,YJM789,Recombination,488195.5,left,Interstitial,162399.5,
B9,chr15,748605,750300,748327,750542.5,2215.5,8,YJM789,Recombination,333379.5,right,Interstitial,421684,
B9,chr15,987547,1000192,987478,1000478.5,13000.5,29,S288c,Recombination,83443.5,right,Interstitial,660835,
B9,chr15,1012882,1014395,1008875,1016102.5,7227.5,3,S288c,Recombination,67819.5,right,Interstitial,682232,
B9,chr15,1073009,1073030,1072288,1073362.5,1074.5,4,S288c,Recombination,10559.5,right,Interstitial,745645,
B9,chr16,64299,64316,63385.5,64360.5,975,4,S288c,Recombination,56162.5,left,Interstitial,491654.5,
B9,chr16,166774,175312,166009,178044,12035,21,YJM789,Recombination,158786,left,Interstitial,377971,
B9,chr16,210122,220050,208688,220163,11475,68,S288c,Recombination,201465,left,Interstitial,335852,
B9,chr16,312657,314083,312531,314263,1732,12,S288c,Recombination,305308,left,Interstitial,241752,
B9,chr16,717249,720834,715181.5,720942,5760.5,23,YJM789,Recombination,221454,right,Interstitial,159166.5,
B9,chr16,896713,896854,896626,897196,570,6,S288c,Recombination,45200,right,Interstitial,340611,
B9,chr16,904203,942354,902994.5,942354,39359.5,286,YJM789,Recombination,42,right,Terminal,346979.5,
B11,chr1,27376,27402,27366.5,27403.5,37,5,S288c,Recombination,26565.5,left,Interstitial,124120,
B11,chr1,173222,179401,172305.5,179469,7163.5,43,YJM789,Recombination,49942,right,Interstitial,20782,
B11,chr1,179537,203590,179469,203697,24228,75,S288c,Recombination,25714,right,Interstitial,27945.5,
B11,chr1,13413,18517,12887,18535,5648,17,S288c,Recombination,12086,left,Interstitial,132988.5,
B11,chr1,22528,25207,20551,25279,4728,12,S288c,Recombination,19750,left,Terminal,126244.5,
B11,chr2,140021,144742,139550,145108,5558,36,S288c,Recombination,132942,left,Interstitial,93157,
B11,chr2,315655,319057,313086.5,319478.5,6392,16,S288c,Deletion,306478.5,left,Interstitial,74821.5,
B11,chr2,525233,525674,525206.5,525757,550.5,4,YJM789,Recombination,286622,right,Interstitial,286941.5,
B11,chr2,641071,642492,639235,642632.5,3397.5,9,S288c,Recombination,169746.5,right,Interstitial,400970,
B11,chr2,6680,6841,6680,7501,821,6,YJM789,Recombination,72,left,Interstitial,230764,
B11,chr2,8250,134090,8244,134636.5,126392.5,585,YJM789,Recombination,1636,left,Terminal,103628.5,
B11,chr3,25689,30865,24413,31840.5,7427.5,3,YJM789,Recombination,23315,left,Interstitial,82602.5,
B11,chr3,37664,40315,36049,41711,5662,6,YJM789,Recombination,34951,left,Interstitial,72732,
B11,chr3,221332,269376,219299,271057,51758,136,YJM789,Recombination,44726,right,Interstitial,104856,
B11,chr3,4489,9219,4430,9242,4812,3,S288c,Recombination,3332,left,Interstitial,105201,
B11,chr3,306731,306755,306721,306769,48,3,S288c,Recombination,9014,right,Interstitial,192278,
B11,chr3,272738,303884,271057,304041,32984,213,S288c,Recombination,11742,right,Terminal,156614,
B11,chr4,482181,484028,480010,484810.5,4800.5,7,S288c,Deletion,479106,left,Interstitial,30244,
B11,chr4,738008,755547,737334,757598.5,20264.5,37,YJM789,Recombination,736430,left,Interstitial,287568,
B11,chr4,759692,778992,759677,779076.5,19399.5,91,YJM789,Recombination,745548.5,right,Interstitial,309911,
B11,chr4,779966,796175,779711,799152,19441,77,YJM789,Recombination,725473,right,Interstitial,329945,
B11,chr4,802129,967037,799152,967412,168260,527,S288c,Recombination,557213,right,Interstitial,349386,
B11,chr4,969384,1152705,968925,1152825.5,183900.5,399,S288c,Recombination,371799.5,right,Interstitial,519159,
B11,chr4,1155785,1157008,1155053,1157139.5,2086.5,11,S288c,Deletion,367485.5,right,Interstitial,705287,
B11,chr4,1504290,1504301,1504196.5,1504482,285.5,3,S288c,Recombination,20143,right,Interstitial,1054430.5,
B11,chr5,151574,249834,151546,250056.5,98510.5,509,YJM789,Recombination,145073,left,Interstitial,0,
B11,chr5,250528,312677,250405.5,312941.5,62536,172,YJM789,Recombination,243932.5,left,Interstitial,98360,
B11,chr5,313206,321401,312941.5,321481.5,8540,13,S288c,Recombination,248117.5,right,Interstitial,160896,
B11,chr5,321562,443323,321481.5,443407,121925.5,527,YJM789,Recombination,126192,right,Interstitial,169436,
B11,chr5,449685,516437,446608,517012,70404,311,YJM789,Recombination,52587,right,Interstitial,294562.5,
B11,chr5,561590,564343,561567.5,564349,2781.5,83,YJM789,Recombination,5250,right,Interstitial,409522,
B11,chr5,564461,565675,564446,565693,1247,41,YJM789,Recombination,3906,right,Interstitial,412400.5,
B11,chr5,567548,568408,567511.5,568415.5,904,33,YJM789,Deletion,1183.5,right,Interstitial,415466,
B11,chr5,526682,561510,526387,561517,35130,254,YJM789,Recombination,8082,right,Terminal,374341.5,
B11,chr7,166195,166257,166059,166462,403,4,S288c,Deletion,165278,left,Interstitial,330517,
B11,chr7,496647,502321,495847,502359.5,6512.5,47,S288c,Deletion,495066,left,Interstitial,0,
B11,chr7,902040,903336,901396.5,903459,2062.5,17,S288c,Recombination,180176,right,Interstitial,404417.5,
B11,chr7,698,795,692,861,169,4,S288c,Recombination,0,left,Interstitial,496118,
B11,chr7,2357,2437,2328.5,2440,111.5,3,S288c,Recombination,1547.5,left,Interstitial,494539,
B11,chr7,4017,6222,3925.5,6674,2748.5,25,S288c,Deletion,3144.5,left,Interstitial,490305,
B11,chr8,184572,186921,184447.5,186963.5,2516,13,YJM789,Recombination,178942.5,left,Interstitial,78803,
B11,chr8,416784,421693,416692.5,422115.5,5423,30,YJM789,Recombination,133989.5,right,Interstitial,311048,
B11,chr8,428194,441992,427848,442070.5,14222.5,56,S288c,Recombination,114034.5,right,Interstitial,322203.5,
B11,chr8,442149,525457,442070.5,525464.5,83394,292,YJM789,Recombination,30640.5,right,Interstitial,336426,
B11,chr8,553543,553982,553454.5,554002,547.5,15,S288c,Recombination,2103,right,Interstitial,447810,
B11,chr8,555254,556076,554854,556106,1252,10,S288c,Recombination,0,right,Interstitial,449209.5,
B11,chr8,556575,556662,556479.5,556662,182.5,4,YJM789,Recombination,0,right,Interstitial,450835,
B11,chr9,224745,231757,224688.5,232219,7530.5,40,YJM789,Recombination,206849,right,Interstitial,123468,
B11,chr9,339383,341700,338773.5,344676,5902.5,20,S288c,Recombination,94392,right,Interstitial,11011,
B11,chr9,438765,439001,438372,439001,629,6,YJM789,Recombination,67,right,Interstitial,82685,
B11,chr10,236421,236856,236285.5,236878.5,593,5,S288c,Recombination,228518.5,left,Interstitial,199487.5,
B11,chr10,390317,394930,388931,395011,6080,29,YJM789,Recombination,349891,right,Interstitial,41355,
B11,chr10,660402,665860,660166.5,667643.5,7477,39,S288c,Recombination,77258.5,right,Interstitial,223800.5,
B11,chr10,745529,745627,735274.5,745627,10352.5,8,YJM789,Recombination,0,right,Interstitial,298908.5,
B11,chr11,615175,627587,615080,628122.5,13042.5,51,S288c,Recombination,37781.5,right,Interstitial,174892.5,
B11,chr11,2796,15277,2758,15435.5,12677.5,99,S288c,Recombination,1951,left,Interstitial,424752,
B11,chr11,646140,664498,646060,665451,19391,89,S288c,Recombination,453,right,Interstitial,205872.5,
B11,chr11,15642,228339,15630,228885.5,213255.5,978,S288c,Recombination,14823,left,Terminal,211302,
B11,chr11,635435,645980,635068.5,646060,10991.5,45,YJM789,Recombination,19844,right,Terminal,194881,
B11,chr12,124013,124642,123782,124885,1103,4,S288c,Recombination,111697,left,Interstitial,26002.5,
B11,chr12,938596,976087,938366.5,976138,37771.5,180,YJM789,Recombination,88143,right,Interstitial,787479,
B11,chr12,1059711,1059876,1059654.5,1060041.5,387,6,S288c,Recombination,4239.5,right,Interstitial,908767,
B11,chr12,1061902,1062194,1061789,1062280.5,491.5,6,YJM789,Recombination,2000.5,right,Interstitial,910901.5,
B11,chr12,981795,1059564,981776,1059576,77800,391,YJM789,Recombination,4705,right,Terminal,830888.5,
B11,chr13,71397,82357,71393.5,82742.5,11349,76,S288c,Recombination,65049.5,left,Interstitial,185347.5,
B11,chr13,271672,277293,270927.5,277921.5,6994,11,S288c,Recombination,264583.5,left,Interstitial,2837.5,
B11,chr13,417062,600288,417058,600321,183263,956,YJM789,Recombination,323220,right,Interstitial,148968,
B11,chr13,602564,606945,602513,608004,5491,32,YJM789,Recombination,315537,right,Interstitial,334423,
B11,chr13,609759,637703,609429,638681,29252,150,YJM789,Recombination,284860,right,Interstitial,341339,
B11,chr13,793043,798063,792668,798076.5,5408.5,35,YJM789,Recombination,125464.5,right,Interstitial,524578,
B11,chr14,364966,368957,364806.5,368993,4186.5,23,S288c,Recombination,357378.5,left,Interstitial,259823.5,
B11,chr14,568008,568046,564784,568105,3321,3,S288c,Recombination,215173,right,Interstitial,60711.5,
B11,chr14,9325,297638,9325,297700,288375,1036,YJM789,Recombination,1897,left,Terminal,331116.5,
B11,chr14,752390,781374,749912,781374,31462,30,S288c,Recombination,1904,right,Terminal,121095.5,
B11,chr15,92619,93191,92402,93525,1123,15,S288c,Recombination,91555,left,Interstitial,233118,
B11,chr15,160688,161509,160580,161566.5,986.5,4,YJM789,Recombination,159733,left,Interstitial,165076.5,
B11,chr15,170199,171745,169862,172011.5,2149.5,12,S288c,Recombination,169015,left,Interstitial,154631.5,
B11,chr15,328791,332131,327741.5,333528.5,5787,10,S288c,Recombination,326894.5,left,Interstitial,1098.5,
B11,chr15,339985,344523,339198.5,345100.5,5902,15,S288c,Recombination,338351.5,left,Interstitial,12555.5,
B11,chr15,388702,391446,388314,391460.5,3146.5,24,S288c,Recombination,387467,left,Interstitial,61671,
B11,chr15,392767,396070,392726.5,396254,3527.5,21,S288c,Recombination,391879.5,left,Interstitial,66083.5,
B11,chr15,584081,590260,571813.5,590351.5,18538,51,YJM789,Recombination,493570.5,right,Interstitial,245170.5,
B11,chr15,590443,621321,590351.5,621365,31013.5,202,S288c,Recombination,462557,right,Interstitial,263708.5,
B11,chr15,622044,623442,622041,623445,1404,50,S288c,Recombination,460477,right,Interstitial,295398,
B11,chr15,624491,692352,624422.5,692583,68160.5,217,S288c,Recombination,391339,right,Interstitial,297779.5,
B11,chr15,697375,893238,696994.5,893416.5,196422,694,S288c,Recombination,190505.5,right,Interstitial,370351.5,
B11,chr15,895667,970186,895412.5,970198,74785.5,246,S288c,Recombination,113724,right,Interstitial,568769.5,
B11,chr15,1075581,1075738,1075568.5,1075738,169.5,5,S288c,Recombination,8184,right,Interstitial,748925.5,
B11,chr15,976495,1071523,973365,1071545,98180,120,S288c,Recombination,12377,right,Terminal,646722,
B11,chr16,128382,455737,128183.5,455846,327662.5,1149,S288c,Recombination,120960.5,left,Interstitial,100169,
B11,chr16,455955,456456,455846,457545.5,1699.5,4,YJM789,Recombination,448623,left,Interstitial,98469.5,
B11,chr16,458635,488854,457545.5,489549.5,32004,94,S288c,Recombination,450322.5,left,Interstitial,66465.5,
B11,chr16,517746,518057,517680.5,518446.5,766,5,YJM789,Recombination,423949.5,right,Interstitial,37568.5,
B11,chr16,711113,727700,707312.5,728996,21683.5,46,S288c,Recombination,213400,right,Interstitial,151297.5,
B11,chr16,15762,24955,15762,24960.5,9198.5,149,YJM789,Recombination,8539,left,Interstitial,531054.5,
B11,chr16,25269,125270,25239,125462,100223,740,YJM789,Recombination,18016,left,Terminal,430553,
B11,chr16,881984,942354,881910.5,942390.5,60480,451,S288c,Recombination,5.5,right,Terminal,325895.5,
B13,chr2,118457,131783,118413.5,132031.5,13618,76,S288c,Recombination,111805.5,left,Interstitial,106233.5,
B13,chr2,335995,337897,335678,338276.5,2598.5,11,YJM789,Recombination,329070,left,Interstitial,97413,
B13,chr2,6680,6704,6680,6772.5,92.5,5,S288c,Recombination,72,left,Interstitial,231492.5,
B13,chr3,11578,14631,11352,15423,4071,6,YJM789,Recombination,10254,left,Interstitial,99020,
B13,chr3,303408,304205,303312,304252,940,19,S288c,Recombination,11531,right,Interstitial,188869,
B13,chr3,306731,306755,306721,306769,48,3,S288c,Recombination,9014,right,Interstitial,192278,
B13,chr3,314439,314585,314401.5,314585,183.5,9,S288c,Recombination,1198,right,Interstitial,199958.5,
B13,chr3,295441,296054,295414.5,296192.5,778,9,YJM789,Recombination,19590.5,right,Terminal,180971.5,
B13,chr4,26950,341978,26437,342779,316342,1684,S288c,Recombination,25533,left,Interstitial,106987,
B13,chr4,358299,363624,357622,364266,6644,18,S288c,Recombination,356718,left,Interstitial,85500,
B13,chr4,707342,720763,707178,720878,13700,102,S288c,Recombination,706274,left,Interstitial,257412,
B13,chr4,759650,778992,757598.5,779076.5,21478,94,YJM789,Recombination,745548.5,right,Interstitial,307832.5,
B13,chr4,779966,967037,779711,967412,187701,604,YJM789,Recombination,557213,right,Interstitial,329945,
B13,chr4,969384,1152705,968925,1152825.5,183900.5,399,YJM789,Recombination,371799.5,right,Interstitial,519159,
B13,chr4,1155785,1157008,1155053,1157139.5,2086.5,11,YJM789,Recombination,367485.5,right,Interstitial,705287,
B13,chr4,17352,18141,17352,18356,1004,9,YJM789,Deletion,16448,left,Interstitial,431410,
B13,chr4,18651,25924,18637.5,26437,7799.5,101,YJM789,Recombination,17733.5,left,Terminal,423329,
B13,chr5,39651,43074,39408.5,43738.5,4330,15,YJM789,Recombination,32935.5,left,Interstitial,108307,
B13,chr5,7021,7069,7011,7141,130,5,S288c,Deletion,538,left,Interstitial,144904.5,
B13,chr6,191827,191880,191813,191882.5,69.5,6,S288c,Deletion,77848.5,right,Interstitial,43244.5,
B13,chr7,21077,197465,21059,197639,176580,782,S288c,Recombination,20278,left,Interstitial,299340,
B13,chr7,209279,211168,209204.5,211372,2167.5,11,YJM789,Recombination,208423.5,left,Interstitial,285607,
B13,chr7,298874,299249,298203.5,299439.5,1236,3,S288c,Recombination,297422.5,left,Interstitial,197539.5,
B13,chr7,435215,437349,434385.5,437679,3293.5,23,S288c,Recombination,433604.5,left,Interstitial,59300,
B13,chr7,646311,931123,646134.5,931359,285224.5,947,YJM789,Recombination,152276,right,Interstitial,149155.5,
B13,chr7,698,6222,680.5,6349,5668.5,97,S288c,Recombination,0,left,Interstitial,490630,
B13,chr7,9430,21025,8278,21030,12752,93,S288c,Recombination,7497,left,Terminal,475949,
B13,chr7,932056,1079127,931861,1079127,147266,699,YJM789,Recombination,4508,right,Terminal,434882,
B13,chr8,192973,193114,192950.5,193148.5,198,3,S288c,Recombination,187445.5,left,Interstitial,87306,
B13,chr8,194266,194377,194243.5,194432,188.5,3,S288c,Deletion,188738.5,left,Interstitial,88599,
B13,chr8,348973,350566,348928,350768.5,1840.5,11,YJM789,Recombination,205336.5,right,Interstitial,243283.5,
B13,chr8,480361,487814,477285.5,489417,12131.5,22,S288c,Recombination,66688,right,Interstitial,371641,
B13,chr8,500211,528460,499209.5,528478,29268.5,57,YJM789,Recombination,27627,right,Interstitial,393565,
B13,chr9,129784,134472,128987.5,134773.5,5786,43,YJM789,Recombination,121203.5,left,Interstitial,220913.5,
B13,chr9,245567,248675,245166,248811.5,3645.5,31,YJM789,Recombination,190256.5,right,Interstitial,106875.5,
B13,chr9,268176,269976,267980.5,270205.5,2225,16,YJM789,Recombination,168862.5,right,Interstitial,85481.5,
B13,chr9,302871,312591,301715,312718,11003,49,YJM789,Recombination,126350,right,Interstitial,42969,
B13,chr10,50434,57612,50101,57673,7572,45,S288c,Recombination,42334,left,Interstitial,378693,
B13,chr10,136430,152475,136317,152776,16459,104,YJM789,Recombination,128550,left,Interstitial,283590,
B13,chr10,338831,338882,338823.5,338937.5,114,3,S288c,Deletion,331056.5,left,Interstitial,97428.5,
B13,chr10,745543,745627,745536,745627,91,7,S288c,Deletion,0,right,Interstitial,309170,
B13,chr11,127867,134468,127537.5,135368,7830.5,22,YJM789,Recombination,126730.5,left,Interstitial,304819.5,
B13,chr11,2796,15277,2758,15435.5,12677.5,99,S288c,Recombination,1951,left,Interstitial,424752,
B13,chr11,15642,122543,15630,122744,107114,498,S288c,Recombination,14823,left,Terminal,317443.5,
B13,chr12,40552,111246,40335.5,112134,71798.5,434,S288c,Recombination,28250.5,left,Interstitial,38753.5,
B13,chr12,309630,310626,308248.5,310660.5,2412,9,YJM789,Recombination,296163.5,left,Interstitial,157361,
B13,chr12,1059711,1059876,1059654.5,1060002,347.5,6,S288c,Recombination,4279,right,Interstitial,908767,
B13,chr12,1061824,1061917,1061750,1062041,291,3,S288c,Deletion,2240,right,Interstitial,910862.5,
B13,chr12,17583,40119,17583,40335.5,22752.5,133,YJM789,Recombination,5498,left,Terminal,110552,
B13,chr13,382044,393433,381826.5,394142.5,12316,51,YJM789,Recombination,375482.5,left,Interstitial,113736.5,
B13,chr13,463330,463374,463297,463384.5,87.5,4,S288c,Deletion,456953,left,Interstitial,195207,
B13,chr13,625931,631615,625897.5,631785.5,5888,37,YJM789,Recombination,291755.5,right,Interstitial,357807.5,
B13,chr13,793043,798063,792668,798076.5,5408.5,35,S288c,Recombination,125464.5,right,Interstitial,524578,
B13,chr13,16406,16776,15195,19772,4577,3,YJM789,Recombination,8851,left,Interstitial,248318,
B13,chr14,293080,412273,280916,412321,131405,521,YJM789,Recombination,273488,left,Interstitial,216495.5,
B13,chr14,483093,484452,482469,484619,2150,10,S288c,Recombination,298659,right,Interstitial,144197.5,
B13,chr14,508321,511916,507999,512158,4159,24,YJM789,Recombination,271120,right,Interstitial,116658.5,
B13,chr14,522469,522606,522446.5,523851,1404.5,6,S288c,Recombination,259427,right,Interstitial,104965.5,
B13,chr14,570020,570167,570006,571214,1208,6,S288c,Deletion,212064,right,Interstitial,57602.5,
B13,chr14,599953,599990,599193,600001,808,3,S288c,Recombination,183277,right,Interstitial,28815.5,
B13,chr14,704548,704562,704496,704569.5,73.5,3,S288c,Recombination,78708.5,right,Interstitial,75679.5,
B13,chr14,15919,268752,12650.5,280916,268265.5,1016,S288c,Recombination,5222.5,left,Terminal,347900.5,
B13,chr15,151148,156847,151055,156872.5,5817.5,46,S288c,Recombination,150208,left,Interstitial,169770.5,
B13,chr15,387926,390363,387492.5,390404,2911.5,13,YJM789,Recombination,386645.5,left,Interstitial,60849.5,
B13,chr15,1073009,1073030,1072288,1073362.5,1074.5,4,S288c,Deletion,10559.5,right,Interstitial,745645,
B13,chr16,64299,64316,63385.5,64360.5,975,4,S288c,Deletion,56162.5,left,Interstitial,491654.5,
B13,chr16,581566,581608,581532.5,581625.5,93,5,S288c,Deletion,360770.5,right,Interstitial,25517.5,
B13,chr16,22695,24955,22633,24960.5,2327.5,36,S288c,Recombination,15410,left,Interstitial,531054.5,
B13,chr16,25269,37575,25239,37648,12409,168,S288c,Recombination,18016,left,Terminal,518367,
B15,chr1,28167,136160,27927.5,138672,110744.5,727,S288c,Recombination,27126.5,left,Interstitial,12851.5,
B15,chr1,141184,151010,138672,151171,12499,31,YJM789,Recombination,78240,right,Interstitial,352.5,
B15,chr1,173222,203590,172305.5,203697,31391.5,118,S288c,Recombination,25714,right,Interstitial,20782,
B15,chr1,2542,18517,2539,18535,15996,86,S288c,Recombination,1738,left,Interstitial,132988.5,
B15,chr1,22528,27402,20551,27403.5,6852.5,19,S288c,Recombination,19750,left,Terminal,124120,
B15,chr2,55537,56865,55364.5,56903.5,1539,6,YJM789,Recombination,48756.5,left,Interstitial,181361.5,
B15,chr2,84976,86533,84919,86616,1697,11,YJM789,Recombination,78311,left,Interstitial,151649,
B15,chr2,559922,564041,559827,564295.5,4468.5,27,YJM789,Recombination,248083.5,right,Interstitial,321562,
B15,chr2,660519,664174,660378,664815,4437,21,YJM789,Recombination,147564,right,Interstitial,422113,
B15,chr2,665456,741344,664815,741541,76726,207,S288c,Recombination,70838,right,Interstitial,426550,
B15,chr2,744063,744417,743392,744441.5,1049.5,7,S288c,Recombination,67937.5,right,Interstitial,505127,
B15,chr2,748042,805115,747609.5,805115,57505.5,183,S288c,Recombination,7264,right,Terminal,509344.5,
B15,chr4,482181,483422,480010,484507.5,4497.5,5,YJM789,Deletion,479106,left,Interstitial,30244,
B15,chr4,485593,526657,484507.5,526663,42155.5,127,S288c,Recombination,483603.5,left,Interstitial,34741.5,
B15,chr4,526783,593121,526773,593166,66393,294,S288c,Recombination,525869,left,Interstitial,77007,
B15,chr4,593211,599511,593166,600137.5,6971.5,26,YJM789,Recombination,592262,left,Interstitial,143400,
B15,chr4,600764,673237,600137.5,673546,73408.5,290,S288c,Recombination,599233.5,left,Interstitial,150371.5,
B15,chr4,673855,676190,673546,676715.5,3169.5,19,YJM789,Recombination,672642,left,Interstitial,223780,
B15,chr4,677241,755547,676715.5,757598.5,80883,451,S288c,Recombination,675811.5,left,Interstitial,226949.5,
B15,chr4,759941,778992,759829.5,779076.5,19247,88,S288c,Recombination,745548.5,right,Interstitial,310063.5,
B15,chr4,779966,967037,779711,967412,187701,604,S288c,Recombination,557213,right,Interstitial,329945,
B15,chr4,969384,1152705,968925,1152825.5,183900.5,399,S288c,Recombination,371799.5,right,Interstitial,519159,
B15,chr4,1155785,1157008,1155053,1157139.5,2086.5,11,S288c,Deletion,367485.5,right,Interstitial,705287,
B15,chr5,455275,481740,455127,482062,26935,84,S288c,Recombination,87537,right,Interstitial,303081.5,
B15,chr5,482384,516437,482062,517012,34950,198,YJM789,Recombination,52587,right,Interstitial,330016.5,
B15,chr5,561590,564343,561567.5,564349,2781.5,83,YJM789,Recombination,5250,right,Interstitial,409522,
B15,chr5,564461,565675,564446,565693,1247,41,YJM789,Recombination,3906,right,Interstitial,412400.5,
B15,chr5,567548,568408,567511.5,568415.5,904,33,YJM789,Deletion,1183.5,right,Interstitial,415466,
B15,chr5,526682,561510,526387,561517,35130,254,YJM789,Recombination,8082,right,Terminal,374341.5,
B15,chr6,6065,6272,6065,16085,10020,9,S288c,Deletion,535,left,Interstitial,132483.5,
B15,chr6,25898,53077,16085,54470.5,38385.5,215,YJM789,Recombination,10555,left,Terminal,94098,
B15,chr7,21077,381517,21059,382475,361416,1547,S288c,Recombination,20278,left,Interstitial,114504,
B15,chr7,420882,437349,419692,437679,17987,47,YJM789,Recombination,418911,left,Interstitial,59300,
B15,chr7,454799,455013,453797.5,455319,1521.5,4,S288c,Recombination,453016.5,left,Interstitial,41660,
B15,chr7,464945,466974,464655.5,467125.5,2470,18,YJM789,Recombination,463874.5,left,Interstitial,29853.5,
B15,chr7,511938,514736,511245.5,514835,3589.5,14,S288c,Recombination,510464.5,left,Interstitial,14266.5,
B15,chr7,580178,849134,579953.5,850028.5,270075,600,YJM789,Recombination,233606.5,right,Interstitial,82974.5,
B15,chr7,850923,931123,850028.5,931359,81330.5,454,S288c,Recombination,152276,right,Interstitial,353049.5,
B15,chr7,6822,21025,6649,21030,14381,95,S288c,Recombination,5868,left,Terminal,475949,
B15,chr7,932056,1079127,931861,1079127,147266,699,S288c,Recombination,4508,right,Terminal,434882,
B15,chr8,93033,93056,93029.5,93059,29.5,4,S288c,Recombination,87524.5,left,Interstitial,12585.5,
B15,chr8,157807,168804,153618.5,169195,15576.5,91,S288c,Recombination,148113.5,left,Interstitial,47974,
B15,chr8,226755,228114,226707,228556.5,1849.5,9,YJM789,Recombination,221202,left,Interstitial,121062.5,
B15,chr8,231830,525457,230576.5,525464.5,294888,867,YJM789,Recombination,30640.5,right,Interstitial,124932,
B15,chr8,528226,528367,528161,528431.5,270.5,5,YJM789,Recombination,27673.5,right,Interstitial,422516.5,
B15,chr8,553543,553982,553454.5,554002,547.5,15,S288c,Recombination,2103,right,Interstitial,447810,
B15,chr8,555254,556076,554854,556106,1252,10,S288c,Recombination,0,right,Interstitial,449209.5,
B15,chr8,556575,556662,556479.5,556662,182.5,4,YJM789,Recombination,0,right,Interstitial,450835,
B15,chr9,40145,43753,40053.5,44042,3988.5,20,S288c,Recombination,32269.5,left,Interstitial,311645,
B15,chr9,353530,355716,350591,355876.5,5285.5,13,YJM789,Recombination,83191.5,right,Interstitial,0,
B15,chr10,448328,453420,447452,454765,7313,30,YJM789,Recombination,290137,right,Interstitial,11086,
B15,chr10,580962,583236,580814,583475,2661,17,YJM789,Recombination,161427,right,Interstitial,144448,
B15,chr10,591126,593074,590619.5,594357,3737.5,6,YJM789,Recombination,150545,right,Interstitial,154253.5,
B15,chr10,671956,673954,671513,674262,2749,3,YJM789,Recombination,70640,right,Interstitial,235147,
B15,chr10,745593,745627,745568,745627,59,6,YJM789,Recombination,0,right,Interstitial,309202,
B15,chr11,54942,56757,54573,57522.5,2949.5,7,YJM789,Recombination,53766,left,Interstitial,382665,
B15,chr11,458675,461216,458264.5,462722.5,4458,5,YJM789,Deletion,203181.5,right,Interstitial,18077,
B15,chr11,580464,581882,579822,581903,2081,16,YJM789,Recombination,84001,right,Interstitial,139634.5,
B15,chr11,666420,666468,666416,666468,52,4,S288c,Recombination,0,right,Interstitial,226228.5,
B15,chr12,173861,174679,173064.5,175115.5,2051,5,S288c,Recombination,160979.5,left,Interstitial,22177,
B15,chr12,517690,520061,517514,520417.5,2903.5,12,YJM789,Recombination,505429,left,Interstitial,366626.5,
B15,chr12,601350,602094,601215,602140,925,5,YJM789,Recombination,462141,right,Interstitial,450327.5,
B15,chr13,167925,168084,167272,168109,837,5,S288c,Recombination,160928,left,Interstitial,99981,
B15,chr13,410660,415566,410151.5,415669,5517.5,18,S288c,Recombination,403807.5,left,Interstitial,142061.5,
B15,chr13,463170,600288,463155,600321,137166,718,S288c,Recombination,323220,right,Interstitial,195065,
B15,chr13,602564,637703,602513,638681,36168,185,S288c,Recombination,284860,right,Interstitial,334423,
B15,chr13,793043,798063,792668,798076.5,5408.5,35,S288c,Recombination,125464.5,right,Interstitial,524578,
B15,chr14,143460,144039,143349,146038,2689,7,YJM789,Recombination,135921,left,Interstitial,482778.5,
B15,chr14,164201,165261,164070.5,165383,1312.5,5,S288c,Recombination,156642.5,left,Interstitial,463433.5,
B15,chr14,385111,392820,384956.5,392921,7964.5,43,S288c,Recombination,377528.5,left,Interstitial,235895.5,
B15,chr14,695952,711992,695496.5,712648,17151.5,118,YJM789,Recombination,70630,right,Interstitial,66680,
B15,chr14,9325,9382,9325,12650.5,3325.5,3,S288c,Recombination,1897,left,Interstitial,616166,
B15,chr15,373468,373586,373304,373643.5,339.5,4,YJM789,Recombination,372457,left,Interstitial,46661,
B15,chr15,456978,457531,456556,457565,1009,3,S288c,Recombination,455709,left,Interstitial,129913,
B15,chr15,697375,700554,696994.5,700700.5,3706,12,S288c,Recombination,383221.5,right,Interstitial,370351.5,
B15,chr15,785050,785674,783762,787554,3792,3,YJM789,Recombination,296368,right,Interstitial,457119,
B15,chr15,796340,893238,796147,893416.5,97269.5,411,S288c,Recombination,190505.5,right,Interstitial,469504,
B15,chr15,895667,970186,895412.5,970198,74785.5,246,S288c,Recombination,113724,right,Interstitial,568769.5,
B15,chr15,1075581,1075738,1075568.5,1075738,169.5,5,S288c,Recombination,8184,right,Interstitial,748925.5,
B15,chr15,976495,1071523,973365,1071545,98180,120,S288c,Recombination,12377,right,Terminal,646722,
B15,chr16,128382,180776,128183.5,181943.5,53760,104,YJM789,Recombination,120960.5,left,Interstitial,374071.5,
B15,chr16,183111,183482,181943.5,191310,9366.5,4,S288c,Recombination,174720.5,left,Interstitial,364705,
B15,chr16,199138,478768,191310,480300.5,288990.5,1105,YJM789,Recombination,184087,left,Interstitial,75714.5,
B15,chr16,481833,522033,480300.5,522733,42432.5,198,S288c,Recombination,419663,right,Interstitial,33282,
B15,chr16,890080,897538,890008,898756,8748,53,S288c,Recombination,43640,right,Interstitial,333993,
B15,chr16,15762,24955,15762,24960.5,9198.5,149,YJM789,Recombination,8539,left,Interstitial,531054.5,
B15,chr16,25269,125270,25239,125462,100223,740,YJM789,Recombination,18016,left,Terminal,430553,
,,,,,,,,,,,,,,