S5 Table.  LOH tracts accumulated in MA lines. The LOH tracts are supported by minimum 3 SNPs.,,,,,,,,,,,,,,
Line,Chromosome,SNP_start,SNP_end,LOH_start,LOH_end,LOH_width,Number_of_SNPs_supporting_LOH,Fixation,LOH_mechanism,Telomere_distance,Telomere_type,LOH_type,Centromere_distance,
N1,chr1,165976,165997,163109,166121,3012,3,S288c,Recombination,63290,right,Interstitial,11585.5,
N1,chr1,179637,190178,179623,190377.5,10754.5,3,S288c,Recombination,39033.5,right,Interstitial,28099.5,
N1,chr1,203804,204029,203697,205604,1907,15,S288c,Recombination,23807,right,Interstitial,52173.5,
N1,chr1,18553,21593,18535,22652,4117,6,S288c,Recombination,17734,left,Terminal,128871.5,
N1,chr2,238224,238291,238206.5,238318.5,112,5,S288c,Recombination,231598.5,left,Interstitial,0,
N1,chr2,8161,125022,8161,125287,117126,548,S288c,Recombination,1553,left,Terminal,112978,
N1,chr3,295337,295388,295158.5,295414.5,256,3,YJM789,Recombination,20368.5,right,Interstitial,180715.5,
N1,chr3,4296,4360,4296,4424.5,128.5,4,S288c,Recombination,3198,left,Interstitial,110018.5,
N1,chr3,308124,314498,307731.5,314498,6766.5,72,S288c,Deletion,1285,right,Interstitial,193288.5,
N1,chr4,526651,526675,526643.5,526681,37.5,4,S288c,Recombination,525739.5,left,Interstitial,76877.5,
N1,chr4,1154405,1154412,1154363,1155083.5,720.5,3,S288c,Recombination,369541.5,right,Interstitial,704597,
N1,chr4,18603,18664,18372,18667.5,295.5,9,S288c,Recombination,17468,left,Interstitial,431098.5,
N1,chr4,1524266,1524310,1524263,1524310,47,5,S288c,Deletion,315,right,Interstitial,1074497,
N1,chr5,250279,250283,250056.5,250405.5,349,3,S288c,Recombination,243583.5,left,Interstitial,98011,
N1,chr5,564343,564486,564323.5,564510.5,187,10,S288c,Recombination,5088.5,right,Interstitial,412278,
N1,chr5,565711,567475,565693,567511.5,1818.5,33,S288c,Deletion,2087.5,right,Interstitial,413647.5,
N1,chr6,5786,6097,5786,6139,353,5,S288c,Recombination,256,left,Interstitial,142429.5,
N1,chr7,110799,111614,110769.5,111616,846.5,7,S288c,Recombination,109988.5,left,Interstitial,385363,
N1,chr7,641,651,641,657,16,3,S288c,Recombination,0,left,Interstitial,496322,
N1,chr7,932,937,863.5,945.5,82,3,S288c,Recombination,82.5,left,Interstitial,496033.5,
N1,chr8,91899,92149,88558.5,92190.5,3632,3,S288c,Recombination,83053.5,left,Interstitial,13454,
N1,chr8,93824,93833,93797,94462.5,665.5,4,S288c,Recombination,88292,left,Interstitial,11182,
N1,chr8,12605,12730,12605,12744,139,10,S288c,Recombination,7100,left,Interstitial,92900.5,
N1,chr8,554022,554038,554002,554086.5,84.5,4,S288c,Recombination,2018.5,right,Interstitial,448357.5,
N1,chr8,555849,555862,555651.5,555926.5,275,3,S288c,Recombination,178.5,right,Interstitial,450007,
N1,chr8,531123,531177,529816.5,542271.5,12455,5,S288c,Recombination,13833.5,right,Terminal,424172,
N1,chr9,437886,437988,434880,438376.5,3496.5,6,S288c,Deletion,691.5,right,Interstitial,79193,
N1,chr9,438993,439006,438984,439006,22,3,S288c,Recombination,62,right,Interstitial,83297,
N1,chr10,400254,400262,400250,400262.5,12.5,4,S288c,Recombination,344639.5,right,Interstitial,36103.5,
N1,chr10,24438,24488,24438,24510,72,4,S288c,Deletion,16671,left,Interstitial,411856,
N1,chr11,1272,2796,1169.5,2862,1692.5,6,S288c,Recombination,362.5,left,Interstitial,437325.5,
N1,chr11,15603,15651,15601.5,15783.5,182,9,S288c,Recombination,14794.5,left,Interstitial,424404,
N1,chr12,1061635,1061676,1061617,1061686.5,69.5,3,S288c,Deletion,2594.5,right,Interstitial,910729.5,
N1,chr12,1062367,1065282,1062292.5,1065282,2989.5,8,S288c,Deletion,0,right,Interstitial,911405,
N1,chr13,503664,503721,503526,503947.5,421.5,3,S288c,Recombination,419593.5,right,Interstitial,235436,
N1,chr13,923652,923767,923646,923767,121,5,S288c,Recombination,0,right,Interstitial,655556,
N1,chr14,599953,600749,599199.5,601458.5,2259,6,S288c,Recombination,181819.5,right,Interstitial,27358,
N1,chr14,8892,8986,8892,9083.5,191.5,5,S288c,Recombination,1464,left,Interstitial,619733,
N1,chr15,621642,622026,621631.5,622032,400.5,9,S288c,Recombination,461890,right,Interstitial,294988.5,
N1,chr15,623454,624342,623452.5,624346,893.5,10,S288c,Recombination,459576,right,Interstitial,296809.5,
N1,chr16,63410,63417,62941,63436,495,3,S288c,Recombination,55718,left,Interstitial,492579,
N1,chr16,63565,64405,63519,64453.5,934.5,15,S288c,Recombination,56296,left,Interstitial,491561.5,
N1,chr16,856428,856446,853471.5,856895.5,3424,3,S288c,Recombination,85500.5,right,Interstitial,297456.5,
N1,chr16,19227,19230,18507,19241,734,3,YJM789,Recombination,11284,left,Interstitial,536774,
N1,chr16,921116,922017,921068,924144.5,3076.5,20,YJM789,Recombination,18251.5,right,Terminal,365053,
N2,chr1,27397,27411,27377,27414,37,6,S288c,Recombination,26576,left,Interstitial,124109.5,
N2,chr1,27681,27688,27669.5,27927.5,258,4,S288c,Recombination,26868.5,left,Interstitial,123596,
N2,chr1,165976,165997,163109,166121,3012,3,S288c,Recombination,63290,right,Interstitial,11585.5,
N2,chr1,203804,204029,203697,205604,1907,15,S288c,Recombination,23807,right,Interstitial,52173.5,
N2,chr3,306591,306693,306583,306712,129,6,S288c,Recombination,9071,right,Interstitial,192140,
N2,chr4,18603,18651,18372,18657,285,7,S288c,Deletion,17468,left,Interstitial,431109,
N2,chr4,1524260,1524477,1523916,1524477,561,11,S288c,Recombination,148,right,Interstitial,1074150,
N2,chr5,250279,250283,250056.5,250405.5,349,3,S288c,Recombination,243583.5,left,Interstitial,98011,
N2,chr5,564372,564486,564366,564510.5,144.5,7,S288c,Recombination,5088.5,right,Interstitial,412320.5,
N2,chr5,565737,567475,565734,567511.5,1777.5,27,S288c,Deletion,2087.5,right,Interstitial,413688.5,
N2,chr6,5786,6354,5786,16126,10340,13,S288c,Recombination,256,left,Interstitial,132442.5,
N2,chr7,21035,21041,21030,21059,29,3,S288c,Deletion,20249,left,Interstitial,475920,
N2,chr7,11076,11108,10822.5,11135,312.5,3,S288c,Deletion,10041.5,left,Interstitial,485844,
N2,chr8,93055,93302,93045,93478.5,433.5,9,S288c,Deletion,87540,left,Interstitial,12166,
N2,chr8,93824,93833,93797,94462.5,665.5,4,S288c,Recombination,88292,left,Interstitial,11182,
N2,chr8,12605,12664,12605,12727.5,122.5,7,S288c,Deletion,7100,left,Interstitial,92917,
N2,chr8,554022,554389,554002,554411.5,409.5,17,S288c,Deletion,1693.5,right,Interstitial,448357.5,
N2,chr8,556136,556197,556106,556257.5,151.5,4,S288c,Recombination,0,right,Interstitial,450461.5,
N2,chr8,556598,556718,556586.5,556718,131.5,4,S288c,Recombination,0,right,Interstitial,450942,
N2,chr8,531123,531177,529816.5,542271.5,12455,5,S288c,Deletion,13833.5,right,Terminal,424172,
N2,chr9,37774,38447,37772.5,38457,684.5,13,S288c,Recombination,29988.5,left,Interstitial,317230,
N2,chr9,38988,39104,38798.5,39181,382.5,3,S288c,Recombination,31014.5,left,Interstitial,316506,
N2,chr9,437886,438768,434880,438859.5,3979.5,8,S288c,Deletion,208.5,right,Interstitial,79193,
N2,chr10,644097,653755,643207,654183.5,10976.5,29,S288c,Recombination,90718.5,right,Interstitial,206841,
N2,chr10,673602,710937,672779,711883.5,39104.5,79,S288c,Recombination,33018.5,right,Interstitial,236413,
N2,chr10,716647,727128,715948,736328.5,20380.5,20,S288c,Recombination,8573.5,right,Terminal,279582,
N2,chr12,1059588,1059598,1059576,1059613.5,37.5,3,S288c,Deletion,4667.5,right,Interstitial,908688.5,
N2,chr12,1062165,1064102,1062090.5,1064185,2094.5,9,S288c,Recombination,96,right,Interstitial,911203,
N2,chr13,378496,378514,375409,378622,3213,3,S288c,Recombination,369065,left,Interstitial,107319,
N2,chr14,599988,600749,599970.5,601458.5,1488,5,S288c,Recombination,181819.5,right,Interstitial,27358,
N2,chr14,8892,9325,8892,9350.5,458.5,8,S288c,Deletion,1464,left,Interstitial,619466,
N2,chr15,623746,624331,623600,624335,735,7,S288c,Deletion,459587,right,Interstitial,296957,
N2,chr16,62550,64405,62511,64453.5,1942.5,32,S288c,Deletion,55288,left,Interstitial,491561.5,
N2,chr16,856428,856446,853471.5,856895.5,3424,3,S288c,Recombination,85500.5,right,Interstitial,297456.5,
N3,chr1,27681,27688,27570.5,27927.5,357,4,S288c,Recombination,26769.5,left,Interstitial,123596,
N3,chr1,28167,93733,27927.5,93739,65811.5,475,YJM789,Recombination,27126.5,left,Interstitial,57784.5,
N3,chr1,2643,13654,2592.5,13726,11133.5,73,YJM789,Recombination,1791.5,left,Interstitial,137797.5,
N3,chr1,15871,24951,14871.5,25070.5,10199,28,YJM789,Recombination,14070.5,left,Terminal,126453,
N3,chr2,8161,8222,7638.5,8251,612.5,9,S288c,Recombination,1030.5,left,Interstitial,230014,
N3,chr3,303922,304205,303903,305347.5,1444.5,4,S288c,Recombination,10435.5,right,Interstitial,189460,
N3,chr3,306591,306693,306583,306712,129,6,S288c,Recombination,9071,right,Interstitial,192140,
N3,chr3,307182,307339,307087,307731.5,644.5,4,S288c,Recombination,8051.5,right,Interstitial,192644,
N3,chr3,314450,314498,314444.5,314498,53.5,5,S288c,Recombination,1285,right,Interstitial,200001.5,
N3,chr4,526675,526763,526672,526773,101,8,S288c,Recombination,525768,left,Interstitial,76906,
N3,chr4,527743,538069,527636.5,538094.5,10458,14,S288c,Recombination,526732.5,left,Interstitial,77870.5,
N3,chr4,759650,759662,757598.5,759677,2078.5,3,S288c,Deletion,756694.5,left,Interstitial,307832.5,
N3,chr4,987440,987835,984276,990316,6040,10,S288c,Recombination,534309,right,Interstitial,534510,
N3,chr4,1154321,1154412,1154143.5,1155083.5,940,4,S288c,Recombination,369541.5,right,Interstitial,704377.5,
N3,chr4,1501077,1502550,1501048.5,1502608,1559.5,23,S288c,Recombination,22017,right,Interstitial,1051282.5,
N3,chr4,18603,18606,18372,18609,237,3,S288c,Recombination,17468,left,Interstitial,431157,
N3,chr4,1523563,1524477,1523522.5,1524477,954.5,14,S288c,Deletion,148,right,Interstitial,1073756.5,
N3,chr5,250279,250283,250056.5,250405.5,349,3,S288c,Recombination,243583.5,left,Interstitial,98011,
N3,chr5,7001,7069,6998.5,7141,142.5,6,S288c,Recombination,525.5,left,Interstitial,144904.5,
N3,chr5,564343,564431,564323.5,564446,122.5,5,S288c,Recombination,5153,right,Interstitial,412278,
N3,chr5,565737,565746,565734,566122.5,388.5,4,S288c,Deletion,3476.5,right,Interstitial,413688.5,
N3,chr5,567283,567355,566931.5,567365,433.5,7,S288c,Recombination,2234,right,Interstitial,414886,
N3,chr5,571421,571746,571082,571746,664,4,S288c,Recombination,0,right,Interstitial,419036.5,
N3,chr6,5786,6354,5786,16126,10340,11,S288c,Recombination,256,left,Interstitial,132442.5,
N3,chr7,910137,910144,909591.5,912330.5,2739,4,S288c,Recombination,171304.5,right,Interstitial,412612.5,
N3,chr7,1079039,1079127,1073804,1079127,5323,4,S288c,Deletion,4508,right,Interstitial,576825,
N3,chr8,93824,93833,93797,94462.5,665.5,4,S288c,Recombination,88292,left,Interstitial,11182,
N3,chr8,2027,12616,2027,12639,10612,8,S288c,Deletion,0,left,Interstitial,93005.5,
N3,chr8,554298,554389,554289,554411.5,122.5,3,S288c,Recombination,1693.5,right,Interstitial,448644.5,
N3,chr8,556650,556718,556484,556718,234,3,S288c,Recombination,0,right,Interstitial,450839.5,
N3,chr9,393177,393280,391947.5,393319.5,1372,10,S288c,Recombination,45748.5,right,Interstitial,36260.5,
N3,chr9,437886,438768,434880,438859.5,3979.5,8,S288c,Recombination,208.5,right,Interstitial,79193,
N3,chr10,204142,204184,200798.5,204231.5,3433,4,S288c,Deletion,193031.5,left,Interstitial,232134.5,
N3,chr10,367233,367284,365160,374464,9304,3,S288c,Recombination,357393,left,Interstitial,61902,
N3,chr10,400246,400260,400109,400261,152,4,S288c,Recombination,344641,right,Interstitial,36105,
N3,chr11,1272,1305,1169.5,2012.5,843,4,S288c,Recombination,362.5,left,Interstitial,438175,
N3,chr12,95944,97171,95882.5,97300,1417.5,9,S288c,Deletion,83797.5,left,Interstitial,53587.5,
N3,chr12,976224,976986,976206.5,979371.5,3165,3,S288c,Recombination,84909.5,right,Interstitial,825319,
N3,chr12,1059588,1059731,1059576,1059753,177,7,S288c,Recombination,4528,right,Interstitial,908688.5,
N3,chr12,1060207,1061676,1060167.5,1061686.5,1519,7,S288c,Recombination,2594.5,right,Interstitial,909280,
N3,chr12,1064102,1065559,1063160,1065608.5,2448.5,7,S288c,Deletion,0,right,Interstitial,912272.5,
N3,chr13,378496,378514,375409,378622,3213,3,S288c,Recombination,369065,left,Interstitial,107319,
N3,chr14,489468,491385,489427,491642.5,2215.5,15,S288c,Recombination,291635.5,right,Interstitial,137174,
N3,chr14,522469,522606,522449,523851,1402,7,S288c,Recombination,259427,right,Interstitial,104965.5,
N3,chr14,570113,572360,570073.5,572367,2293.5,7,S288c,Recombination,210911,right,Interstitial,56449.5,
N3,chr14,598433,602168,598362,602193,3831,7,S288c,Recombination,181085,right,Interstitial,26623.5,
N3,chr14,632116,632300,632062,633309.5,1247.5,4,S288c,Deletion,149968.5,right,Interstitial,3245.5,
N3,chr14,8892,8941,8892,8963.5,71.5,4,S288c,Recombination,1464,left,Interstitial,619853,
N3,chr15,514925,515105,514903.5,515110.5,207,11,S288c,Recombination,514056.5,left,Interstitial,188260.5,
N3,chr15,621420,621669,621414.5,621847.5,433,14,S288c,Deletion,462074.5,right,Interstitial,294771.5,
N3,chr15,623746,623763,623600,624038.5,438.5,4,S288c,Deletion,459883.5,right,Interstitial,296957,
N3,chr15,970210,970235,970198,973365,3167,4,S288c,Recombination,110557,right,Interstitial,643555,
N3,chr15,1073008,1073030,1072287.5,1074275.5,1988,5,S288c,Deletion,9646.5,right,Interstitial,745644.5,
N3,chr16,63616,63738,63600,64071.5,471.5,10,S288c,Deletion,56377,left,Interstitial,491943.5,
N3,chr16,581566,581608,581532.5,581625.5,93,5,S288c,Deletion,360770.5,right,Interstitial,25517.5,
N3,chr16,856428,856446,853471.5,856895.5,3424,3,S288c,Recombination,85500.5,right,Interstitial,297456.5,
N3,chr16,19227,19230,18507,19241,734,3,YJM789,Recombination,11284,left,Interstitial,536774,
N5,chr1,27417,27423,27414,27440.5,26.5,3,S288c,Recombination,26613,left,Interstitial,124083,
N5,chr1,27681,27688,27669.5,27927.5,258,4,S288c,Recombination,26868.5,left,Interstitial,123596,
N5,chr1,203804,203860,203697,203886,189,8,S288c,Recombination,25525,right,Interstitial,52173.5,
N5,chr1,203984,204029,203978.5,205604,1625.5,4,S288c,Recombination,23807,right,Interstitial,52455,
N5,chr1,18553,18574,18535,20551,2016,4,S288c,Recombination,17734,left,Interstitial,130972.5,
N5,chr2,8161,8222,7717,8230,513,9,S288c,Deletion,1109,left,Interstitial,230035,
N5,chr3,292619,292633,292617.5,292675.5,58,4,S288c,Recombination,23107.5,right,Interstitial,178174.5,
N5,chr3,306631,306693,306628.5,306712,83.5,3,S288c,Recombination,9071,right,Interstitial,192185.5,
N5,chr4,537961,538009,532852,538019.5,5167.5,5,S288c,Deletion,531948,left,Interstitial,83086,
N5,chr4,987825,987835,984460.5,990316,5855.5,3,S288c,Recombination,534309,right,Interstitial,534694.5,
N5,chr4,1154405,1154412,1154363,1155083.5,720.5,3,S288c,Recombination,369541.5,right,Interstitial,704597,
N5,chr4,18603,18664,18372,18667.5,295.5,9,S288c,Recombination,17468,left,Interstitial,431098.5,
N5,chr4,1523563,1524477,1523522.5,1524477,954.5,14,S288c,Recombination,148,right,Interstitial,1073756.5,
N5,chr5,561269,561309,561266,561331,65,4,S288c,Deletion,8268,right,Interstitial,409220.5,
N5,chr5,564935,564949,564919.5,564958.5,39,5,S288c,Recombination,4640.5,right,Interstitial,412874,
N5,chr5,565737,566542,565734,566553.5,819.5,9,S288c,Recombination,3045.5,right,Interstitial,413688.5,
N5,chr5,567283,567436,566931.5,567448.5,517,12,S288c,Recombination,2150.5,right,Interstitial,414886,
N5,chr7,21037,21094,21036,21101,65,7,S288c,Recombination,20255,left,Interstitial,475878,
N5,chr7,497005,497020,496976.5,497024.5,48,3,YJM789,Recombination,496195.5,left,Interstitial,0,
N5,chr7,910137,910144,909591.5,912330.5,2739,4,S288c,Recombination,171304.5,right,Interstitial,412612.5,
N5,chr7,932,937,863.5,945.5,82,3,S288c,Recombination,82.5,left,Interstitial,496033.5,
N5,chr7,1067384,1067396,1067379.5,1067706.5,327,3,S288c,Deletion,15928.5,right,Interstitial,570400.5,
N5,chr8,93055,93302,93045,93478.5,433.5,8,S288c,Deletion,87540,left,Interstitial,12166,
N5,chr8,93824,93833,93797,94462.5,665.5,4,S288c,Recombination,88292,left,Interstitial,11182,
N5,chr8,12605,12664,12605,12692.5,87.5,7,S288c,Recombination,7100,left,Interstitial,92952,
N5,chr8,554022,554038,554002,554086.5,84.5,4,S288c,Deletion,2018.5,right,Interstitial,448357.5,
N5,chr8,554280,554389,554241,554411.5,170.5,4,S288c,Recombination,1693.5,right,Interstitial,448596.5,
N5,chr8,555849,555862,555651.5,555926.5,275,3,S288c,Recombination,178.5,right,Interstitial,450007,
N5,chr8,531123,531177,529816.5,542271.5,12455,5,S288c,Deletion,13833.5,right,Terminal,424172,
N5,chr9,355698,355716,355669,355876.5,207.5,3,YJM789,Recombination,83191.5,right,Interstitial,0,
N5,chr10,197455,204184,197437,204231.5,6794.5,5,S288c,Recombination,189670,left,Interstitial,232134.5,
N5,chr10,431531,431554,430544,431649.5,1105.5,3,S288c,Deletion,313252.5,right,Interstitial,4716.5,
N5,chr10,24438,24488,24438,24510,72,4,S288c,Deletion,16671,left,Interstitial,411856,
N5,chr11,440177,440268,440174,440315,141,4,YJM789,Recombination,225589,right,Interstitial,0,
N5,chr11,1272,1305,1129,2012.5,883.5,4,S288c,Recombination,322,left,Interstitial,438175,
N5,chr12,1062180,1064102,1062048.5,1064185,2136.5,8,S288c,Deletion,96,right,Interstitial,911161,
N5,chr13,183799,183876,183700,187002,3302,6,S288c,Recombination,177356,left,Interstitial,81088,
N5,chr13,268094,268108,268019.5,268130.5,111,3,YJM789,Recombination,261675.5,left,Interstitial,0,
N5,chr13,503664,503721,503638,503947.5,309.5,3,S288c,Recombination,419593.5,right,Interstitial,235548,
N5,chr14,572261,572374,571214,572451.5,1237.5,4,S288c,Deletion,210826.5,right,Interstitial,56365,
N5,chr14,599953,600027,599199.5,601143.5,1944,5,S288c,Deletion,182134.5,right,Interstitial,27673,
N5,chr14,632116,632300,632062,633309.5,1247.5,4,S288c,Recombination,149968.5,right,Interstitial,3245.5,
N5,chr14,8936,9268,8920,9296.5,376.5,5,S288c,Deletion,1492,left,Interstitial,619520,
N5,chr15,22522,24486,22490,24564.5,2074.5,3,S288c,Recombination,21643,left,Interstitial,302078.5,
N5,chr15,621648,621657,621615,621847.5,232.5,5,S288c,Recombination,462074.5,right,Interstitial,294972,
N5,chr15,624314,624354,624038.5,624422.5,384,7,S288c,Recombination,459499.5,right,Interstitial,297395.5,
N5,chr15,1071567,1073024,1071545,1073027,1482,5,S288c,Recombination,10895,right,Interstitial,744902,
N5,chr16,62550,63410,59429,63413,3984,9,S288c,Recombination,52206,left,Interstitial,492602,
N5,chr16,63532,64405,63502.5,64453.5,951,18,S288c,Recombination,56279.5,left,Interstitial,491561.5,
N5,chr16,436450,436465,436404.5,440105,3700.5,3,S288c,Recombination,429181.5,left,Interstitial,115910,
N5,chr16,856428,856446,853471.5,856895.5,3424,3,S288c,Recombination,85500.5,right,Interstitial,297456.5,
N7,chr1,27405,27688,27403.5,27927.5,524,13,S288c,Recombination,26602.5,left,Interstitial,123596,
N7,chr1,165976,165997,163109,166121,3012,3,S288c,Recombination,63290,right,Interstitial,11585.5,
N7,chr1,203804,203816,203697,203822,125,5,S288c,Recombination,25589,right,Interstitial,52173.5,
N7,chr1,2501,2542,2501,2592.5,91.5,8,S288c,Recombination,1700,left,Interstitial,148931,
N7,chr1,13830,15921,13818.5,15983.5,2165,5,S288c,Recombination,13017.5,left,Interstitial,135540,
N7,chr1,18553,21593,18535,22060.5,3525.5,6,S288c,Deletion,17734,left,Terminal,129463,
N7,chr2,8161,8253,8161,8266.5,105.5,12,S288c,Recombination,1553,left,Interstitial,229998.5,
N7,chr3,303884,306693,303867.5,306712,2844.5,11,S288c,Recombination,9071,right,Interstitial,189424.5,
N7,chr3,307325,307339,307253.5,307731.5,478,3,S288c,Recombination,8051.5,right,Interstitial,192810.5,
N7,chr3,314439,314498,314401.5,314498,96.5,6,S288c,Recombination,1285,right,Interstitial,199958.5,
N7,chr4,526687,526840,526681,526852,171,12,S288c,Deletion,525777,left,Interstitial,76915,
N7,chr4,537961,538009,532852,538019.5,5167.5,5,S288c,Recombination,531948,left,Interstitial,83086,
N7,chr4,538051,538069,538046.5,538094.5,48,5,S288c,Recombination,537142.5,left,Interstitial,88280.5,
N7,chr4,759650,759662,757598.5,759677,2078.5,3,S288c,Deletion,756694.5,left,Interstitial,307832.5,
N7,chr4,987310,987835,987277,990316,3039,10,S288c,Recombination,534309,right,Interstitial,537511,
N7,chr4,18603,18624,18032,18637.5,605.5,6,S288c,Deletion,17128,left,Interstitial,431128.5,
N7,chr4,1523482,1524477,1523461,1524477,1016,15,S288c,Deletion,148,right,Interstitial,1073695,
N7,chr5,207276,207304,207258.5,207384,125.5,3,S288c,Deletion,200785.5,left,Interstitial,55213,
N7,chr5,250279,250283,250056.5,250405.5,349,3,S288c,Recombination,243583.5,left,Interstitial,98011,
N7,chr5,2014,2052,2014,4135.5,2121.5,10,S288c,Recombination,0,left,Interstitial,147910,
N7,chr5,7001,7069,6998.5,7141,142.5,6,S288c,Deletion,525.5,left,Interstitial,144904.5,
N7,chr5,565737,565746,565734,566122.5,388.5,4,S288c,Recombination,3476.5,right,Interstitial,413688.5,
N7,chr5,567283,567403,566931.5,567419.5,488,11,S288c,Recombination,2179.5,right,Interstitial,414886,
N7,chr5,570743,571746,570720,571746,1026,5,S288c,Recombination,0,right,Interstitial,418674.5,
N7,chr6,191856,191963,191851.5,191978.5,127,9,S288c,Recombination,77752.5,right,Interstitial,43283,
N7,chr6,6065,6097,6065,6139,74,4,S288c,Recombination,535,left,Interstitial,142429.5,
N7,chr6,6306,6354,6289,16126,9837,3,S288c,Deletion,759,left,Interstitial,132442.5,
N7,chr7,20920,21094,20879.5,21101,221.5,18,S288c,Recombination,20098.5,left,Interstitial,475878,
N7,chr7,910137,910144,909591.5,912330.5,2739,4,S288c,Deletion,171304.5,right,Interstitial,412612.5,
N7,chr7,641,651,641,684.5,43.5,3,S288c,Recombination,0,left,Interstitial,496294.5,
N7,chr8,93068,93302,93065,93478.5,413.5,6,S288c,Deletion,87560,left,Interstitial,12166,
N7,chr8,192973,193114,192950.5,193148.5,198,3,S288c,Recombination,187445.5,left,Interstitial,87306,
N7,chr8,194266,194377,194243.5,194432,188.5,3,S288c,Deletion,188738.5,left,Interstitial,88599,
N7,chr8,1569,2043,1569,2055.5,486.5,4,S288c,Recombination,0,left,Interstitial,103589,
N7,chr8,554653,555862,554475.5,555926.5,1451,6,S288c,Recombination,178.5,right,Interstitial,448831,
N7,chr8,556650,556718,556484,556718,234,3,S288c,Recombination,0,right,Interstitial,450839.5,
N7,chr9,393177,393280,391947.5,393319.5,1372,10,S288c,Recombination,45748.5,right,Interstitial,36260.5,
N7,chr9,437886,438768,434880,438859.5,3979.5,8,S288c,Recombination,208.5,right,Interstitial,79193,
N7,chr10,72637,75699,72353,75909,3556,22,S288c,Recombination,64586,left,Interstitial,360457,
N7,chr10,204142,204184,200798.5,204231.5,3433,4,S288c,Deletion,193031.5,left,Interstitial,232134.5,
N7,chr10,367233,367284,365160,374464,9304,3,S288c,Recombination,357393,left,Interstitial,61902,
N7,chr10,745543,745627,745536,745627,91,7,S288c,Deletion,0,right,Interstitial,309170,
N7,chr11,555181,555298,554867.5,555831.5,964,3,S288c,Recombination,110072.5,right,Interstitial,114680,
N7,chr11,218,733,218,744,526,4,S288c,Recombination,0,left,Interstitial,439443.5,
N7,chr11,664643,664673,664638,664832.5,194.5,5,S288c,Recombination,1071.5,right,Interstitial,224450.5,
N7,chr12,1059588,1059731,1059576,1059753,177,7,S288c,Deletion,4528,right,Interstitial,908688.5,
N7,chr12,1060207,1061635,1060167.5,1061636.5,1469,5,S288c,Recombination,2644.5,right,Interstitial,909280,
N7,chr12,1064268,1066277,1063243,1066277,3034,8,S288c,Deletion,0,right,Interstitial,912355.5,
N7,chr13,463330,463414,463297,463416.5,119.5,6,S288c,Recombination,456953,left,Interstitial,195207,
N7,chr13,923707,923767,923683,923767,84,3,S288c,Recombination,0,right,Interstitial,655593,
N7,chr14,522030,522469,520597,522476,1879,6,S288c,Recombination,260802,right,Interstitial,106340.5,
N7,chr14,569990,572277,569982.5,572318.5,2336,10,S288c,Recombination,210959.5,right,Interstitial,56498,
N7,chr14,598433,602218,598362,602233.5,3871.5,10,S288c,Recombination,181044.5,right,Interstitial,26583,
N7,chr14,632008,632300,631924.5,633309.5,1385,5,S288c,Deletion,149968.5,right,Interstitial,3108,
N7,chr14,8892,8986,8892,9083.5,191.5,5,S288c,Recombination,1464,left,Interstitial,619733,
N7,chr15,43599,43628,43555,43638,83,5,S288c,Deletion,42708,left,Interstitial,283005,
N7,chr15,514953,515105,514941,515110.5,169.5,9,S288c,Recombination,514094,left,Interstitial,188298,
N7,chr15,621409,622026,621365,622032,667,16,S288c,Recombination,461890,right,Interstitial,294722,
N7,chr15,623746,624339,623600,624340.5,740.5,8,S288c,Recombination,459581.5,right,Interstitial,296957,
N7,chr15,970210,970235,970198,973365,3167,4,S288c,Recombination,110557,right,Interstitial,643555,
N7,chr15,1073008,1073030,1072287.5,1074275.5,1988,5,S288c,Deletion,9646.5,right,Interstitial,745644.5,
N7,chr16,63616,63738,63600,64071.5,471.5,10,S288c,Deletion,56377,left,Interstitial,491943.5,
N7,chr16,97603,97672,97427.5,97684,256.5,4,S288c,Deletion,90204.5,left,Interstitial,458331,
N7,chr16,560484,560857,560453,560951,498,3,S288c,Deletion,381445,right,Interstitial,4438,
N7,chr16,856428,856446,853471.5,856895.5,3424,3,S288c,Recombination,85500.5,right,Interstitial,297456.5,
N7,chr16,19227,19230,18507,19241,734,3,S288c,Recombination,11284,left,Interstitial,536774,
N8,chr1,22758,23813,22750.5,24289.5,1539,3,S288c,Recombination,21949.5,left,Interstitial,127234,
N8,chr1,27390,27688,27387.5,27927.5,540,16,S288c,Recombination,26586.5,left,Interstitial,123596,
N8,chr1,18377,18574,17320.5,20551,3230.5,9,S288c,Deletion,16519.5,left,Interstitial,130972.5,
N8,chr1,203588,204029,203270.5,213443,10172.5,16,S288c,Recombination,15968,right,Terminal,51747,
N8,chr3,82578,83054,82566,83094,528,6,S288c,Recombination,81468,left,Interstitial,31349,
N8,chr3,4351,4360,4323.5,4424.5,101,3,S288c,Recombination,3225.5,left,Interstitial,110018.5,
N8,chr3,306591,306693,306583,306712,129,6,S288c,Recombination,9071,right,Interstitial,192140,
N8,chr4,18603,18651,18372,18657,285,7,S288c,Deletion,17468,left,Interstitial,431109,
N8,chr4,1523563,1524477,1523522.5,1524477,954.5,14,S288c,Recombination,148,right,Interstitial,1073756.5,
N8,chr5,561500,561590,561480.5,561634,153.5,12,S288c,Recombination,7965,right,Interstitial,409435,
N8,chr5,564355,564431,564349,564446,97,4,S288c,Recombination,5153,right,Interstitial,412303.5,
N8,chr5,566499,567475,566122.5,567511.5,1389,23,S288c,Deletion,2087.5,right,Interstitial,414077,
N8,chr5,568423,570743,568415.5,570743,2327.5,3,S288c,Deletion,0,right,Interstitial,416370,
N8,chr6,5786,6097,5786,6139,353,5,S288c,Recombination,256,left,Interstitial,142429.5,
N8,chr6,6272,6354,6261,16126,9865,4,S288c,Recombination,731,left,Interstitial,132442.5,
N8,chr8,93026,93068,93020,93159.5,139.5,7,S288c,Deletion,87515,left,Interstitial,12485,
N8,chr8,93655,93833,93478.5,94462.5,984,7,S288c,Recombination,87973.5,left,Interstitial,11182,
N8,chr8,445905,459010,445820,459269.5,13449.5,111,S288c,Recombination,96835.5,right,Interstitial,340175.5,
N8,chr8,12605,12664,12605,12692.5,87.5,7,S288c,Deletion,7100,left,Interstitial,92952,
N8,chr8,531123,531177,529816.5,542271.5,12455,5,S288c,Recombination,13833.5,right,Terminal,424172,
N8,chr9,37774,37792,37772.5,37798,25.5,3,S288c,Recombination,29988.5,left,Interstitial,317889,
N8,chr9,27118,27132,27093,27175.5,82.5,3,S288c,Recombination,19309,left,Interstitial,328511.5,
N8,chr9,437886,437988,434880,438376.5,3496.5,6,S288c,Recombination,691.5,right,Interstitial,79193,
N8,chr10,24438,24488,24438,24510,72,4,S288c,Deletion,16671,left,Interstitial,411856,
N8,chr11,36243,51558,36048,52073,16025,118,YJM789,Recombination,35241,left,Interstitial,388114.5,
N8,chr11,664643,664673,664638,664832.5,194.5,5,S288c,Recombination,1071.5,right,Interstitial,224450.5,
N8,chr11,666412,666468,666408,666468,60,5,S288c,Recombination,0,right,Interstitial,226220.5,
N8,chr12,712958,712990,712950,713024.5,74.5,3,S288c,Deletion,351256.5,right,Interstitial,562062.5,
N8,chr12,976189,976579,976138,976782.5,644.5,3,S288c,Recombination,87498.5,right,Interstitial,825250.5,
N8,chr12,1059588,1059598,1059576,1059613.5,37.5,3,S288c,Deletion,4667.5,right,Interstitial,908688.5,
N8,chr12,1061599,1061676,1060863.5,1061686.5,823,4,S288c,Recombination,2594.5,right,Interstitial,909976,
N8,chr12,1062016,1062188,1061966.5,1062191,224.5,4,S288c,Recombination,2090,right,Interstitial,911079,
N8,chr12,1063453,1064276,1062912.5,1065276.5,2364,5,S288c,Recombination,0,right,Interstitial,912025,
N8,chr13,764921,765121,763998,765401.5,1403.5,3,YJM789,Recombination,158139.5,right,Interstitial,495908,
N8,chr13,923659,923767,923655.5,923767,111.5,4,S288c,Deletion,0,right,Interstitial,655565.5,
N8,chr14,632116,632300,632062,633309.5,1247.5,4,S288c,Recombination,149968.5,right,Interstitial,3245.5,
N8,chr14,726244,726525,726181,726995,814,16,YJM789,Recombination,56283,right,Interstitial,97364.5,
N8,chr14,8892,9325,8892,9350.5,458.5,8,S288c,Deletion,1464,left,Interstitial,619466,
N8,chr15,623454,624314,623452.5,624320.5,868,6,S288c,Deletion,459601.5,right,Interstitial,296809.5,
N8,chr16,62550,64405,62511,64453.5,1942.5,32,S288c,Deletion,55288,left,Interstitial,491561.5,
N8,chr16,856428,856446,853471.5,856895.5,3424,3,S288c,Recombination,85500.5,right,Interstitial,297456.5,
N9,chr1,27681,27688,27669.5,27927.5,258,4,S288c,Recombination,26868.5,left,Interstitial,123596,
N9,chr1,165976,165997,163109,166121,3012,3,S288c,Recombination,63290,right,Interstitial,11585.5,
N9,chr1,2501,2542,2501,2592.5,91.5,8,S288c,Deletion,1700,left,Interstitial,148931,
N9,chr1,13830,15921,13742,15983.5,2241.5,5,S288c,Deletion,12941,left,Interstitial,135540,
N9,chr1,18553,21593,18535,22060.5,3525.5,6,S288c,Recombination,17734,left,Terminal,129463,
N9,chr2,7273,8281,7194.5,8304.5,1110,18,S288c,Recombination,586.5,left,Interstitial,229960.5,
N9,chr2,805021,809220,804991,809220,4229,4,S288c,Deletion,3159,right,Interstitial,566726,
N9,chr3,304800,306483,304342,306486.5,2144.5,3,S288c,Recombination,9296.5,right,Interstitial,189899,
N9,chr3,306591,306693,306583,306712,129,6,S288c,Recombination,9071,right,Interstitial,192140,
N9,chr3,307325,307339,307253.5,307731.5,478,3,S288c,Recombination,8051.5,right,Interstitial,192810.5,
N9,chr3,314439,314498,314401.5,314498,96.5,6,S288c,Recombination,1285,right,Interstitial,199958.5,
N9,chr4,526675,526795,526672,526802.5,130.5,10,S288c,Recombination,525768,left,Interstitial,76906,
N9,chr4,759650,759662,757598.5,759677,2078.5,3,S288c,Recombination,756694.5,left,Interstitial,307832.5,
N9,chr4,987440,987835,984276,990316,6040,10,S288c,Recombination,534309,right,Interstitial,534510,
N9,chr4,1154405,1154412,1154363,1155098.5,735.5,3,S288c,Recombination,369526.5,right,Interstitial,704597,
N9,chr4,18603,18606,18372,18609,237,3,S288c,Deletion,17468,left,Interstitial,431157,
N9,chr4,1523563,1524477,1523522.5,1524477,954.5,14,S288c,Deletion,148,right,Interstitial,1073756.5,
N9,chr5,207276,207304,207258.5,207384,125.5,3,S288c,Recombination,200785.5,left,Interstitial,55213,
N9,chr5,250279,250283,250056.5,250405.5,349,3,S288c,Deletion,243583.5,left,Interstitial,98011,
N9,chr5,5461,6219,5297,6239,942,3,S288c,Recombination,0,left,Interstitial,145806.5,
N9,chr5,6996,7069,6991,7141,150,7,S288c,Recombination,518,left,Interstitial,144904.5,
N9,chr5,567283,567388,566931.5,567424.5,493,9,S288c,Recombination,2174.5,right,Interstitial,414886,
N9,chr5,570743,571746,570720,571746,1026,5,S288c,Recombination,0,right,Interstitial,418674.5,
N9,chr6,5786,6354,5786,16126,10340,13,S288c,Recombination,256,left,Interstitial,132442.5,
N9,chr7,21023,21041,20998,21059,61,5,S288c,Deletion,20217,left,Interstitial,475920,
N9,chr7,79037,79521,79011.5,79553.5,542,5,YJM789,Recombination,78230.5,left,Interstitial,417425.5,
N9,chr7,336790,338951,335747,339278.5,3531.5,4,S288c,Recombination,334966,left,Interstitial,157700.5,
N9,chr7,910137,910144,909591.5,912330.5,2739,4,S288c,Recombination,171304.5,right,Interstitial,412612.5,
N9,chr8,93251,93302,93159.5,93478.5,319,5,S288c,Recombination,87654.5,left,Interstitial,12166,
N9,chr8,1569,12616,1569,12639,11070,10,S288c,Deletion,0,left,Interstitial,93005.5,
N9,chr8,554298,555208,554289,555231,942,6,S288c,Recombination,874,right,Interstitial,448644.5,
N9,chr8,556650,556718,556484,556718,234,3,S288c,Recombination,0,right,Interstitial,450839.5,
N9,chr9,393177,393359,391947.5,393377,1429.5,11,S288c,Recombination,45691,right,Interstitial,36260.5,
N9,chr9,437886,439006,434880,439006,4126,11,S288c,Recombination,62,right,Interstitial,79193,
N9,chr10,204142,204184,200798.5,204231.5,3433,4,S288c,Deletion,193031.5,left,Interstitial,232134.5,
N9,chr11,218,733,218,744,526,4,S288c,Deletion,0,left,Interstitial,439443.5,
N9,chr11,664643,664673,664638,664832.5,194.5,5,S288c,Recombination,1071.5,right,Interstitial,224450.5,
N9,chr12,95944,96151,95882.5,96640,757.5,3,S288c,Recombination,83797.5,left,Interstitial,54247.5,
N9,chr12,459564,460152,455560.5,460284.5,4724,3,S288c,Recombination,443475.5,left,Interstitial,304673,
N9,chr12,1059588,1059731,1059576,1059753,177,7,S288c,Recombination,4528,right,Interstitial,908688.5,
N9,chr12,1060207,1061599,1060167.5,1061617,1449.5,4,S288c,Recombination,2664,right,Interstitial,909280,
N9,chr12,1062016,1065282,1061966.5,1065282,3315.5,14,S288c,Recombination,0,right,Interstitial,911079,
N9,chr13,378496,378514,375409,378622,3213,3,S288c,Recombination,369065,left,Interstitial,107319,
N9,chr14,570113,572277,570073.5,572318.5,2245,6,S288c,Deletion,210959.5,right,Interstitial,56498,
N9,chr14,598433,602168,598362,602193,3831,9,S288c,Recombination,181085,right,Interstitial,26623.5,
N9,chr14,8892,8941,8892,8963.5,71.5,4,S288c,Recombination,1464,left,Interstitial,619853,
N9,chr14,701147,783972,700961,783972,83011,204,S288c,Recombination,0,right,Terminal,72144.5,
N9,chr15,514925,515138,514903.5,515148.5,245,14,S288c,Deletion,514056.5,left,Interstitial,188260.5,
N9,chr15,621409,621669,621365,621847.5,482.5,15,S288c,Recombination,462074.5,right,Interstitial,294722,
N9,chr15,623454,623763,623452.5,624038.5,586,5,S288c,Recombination,459883.5,right,Interstitial,296809.5,
N9,chr15,779005,779132,774869.5,779163,4293.5,3,YJM789,Recombination,304759,right,Interstitial,448226.5,
N9,chr15,970213,970235,970211.5,973365,3153.5,3,S288c,Deletion,110557,right,Interstitial,643568.5,
N9,chr15,1071567,1073030,1071545,1074275.5,2730.5,6,S288c,Deletion,9646.5,right,Interstitial,744902,
N9,chr16,63616,64405,63600,64453.5,853.5,11,S288c,Recombination,56377,left,Interstitial,491561.5,
N9,chr16,581566,581608,581532.5,581625.5,93,5,S288c,Deletion,360770.5,right,Interstitial,25517.5,
N11,chr1,27681,27688,27669.5,27927.5,258,4,S288c,Recombination,26868.5,left,Interstitial,123596,
N11,chr1,160234,165997,160206.5,166121,5914.5,6,S288c,Recombination,63290,right,Interstitial,8683,
N11,chr1,203804,204029,203697,205604,1907,15,S288c,Recombination,23807,right,Interstitial,52173.5,
N11,chr1,18553,18574,18535,20551,2016,4,S288c,Recombination,17734,left,Interstitial,130972.5,
N11,chr2,7481,8216,7405,8218.5,813.5,8,S288c,Recombination,797,left,Interstitial,230046.5,
N11,chr3,82589,83054,82517,83094,577,4,S288c,Recombination,81419,left,Interstitial,31349,
N11,chr3,306631,306693,306628.5,306712,83.5,3,S288c,Recombination,9071,right,Interstitial,192185.5,
N11,chr4,18603,18651,18372,18657,285,7,S288c,Deletion,17468,left,Interstitial,431109,
N11,chr4,1524260,1524477,1523916,1524477,561,11,S288c,Recombination,148,right,Interstitial,1074150,
N11,chr5,250279,250283,250056.5,250405.5,349,3,S288c,Recombination,243583.5,left,Interstitial,98011,
N11,chr5,561364,561590,561359.5,561634,274.5,17,S288c,Recombination,7965,right,Interstitial,409314,
N11,chr5,564355,564472,564349,564478.5,129.5,7,S288c,Deletion,5120.5,right,Interstitial,412303.5,
N11,chr5,566499,566542,566122.5,566553.5,431,5,S288c,Deletion,3045.5,right,Interstitial,414077,
N11,chr5,567283,567355,566931.5,567365,433.5,7,S288c,Deletion,2234,right,Interstitial,414886,
N11,chr6,41688,45217,41625.5,45579,3953.5,33,YJM789,Recombination,36095.5,left,Interstitial,102989.5,
N11,chr6,6306,6354,6289,16126,9837,3,S288c,Recombination,759,left,Interstitial,132442.5,
N11,chr7,21035,21041,21030,21059,29,3,S288c,Deletion,20249,left,Interstitial,475920,
N11,chr7,619627,620815,618024,621469.5,3445.5,3,YJM789,Recombination,462165.5,right,Interstitial,121045,
N11,chr7,640786,644097,637871.5,644795,6923.5,24,YJM789,Recombination,438840,right,Interstitial,140892.5,
N11,chr8,93655,93833,93478.5,94462.5,984,9,S288c,Deletion,87973.5,left,Interstitial,11182,
N11,chr8,12605,12616,12605,12639,34,5,S288c,Deletion,7100,left,Interstitial,93005.5,
N11,chr9,37774,37804,37772.5,37813,40.5,4,S288c,Recombination,29988.5,left,Interstitial,317874,
N11,chr9,393177,393188,391947.5,393190,1242.5,4,S288c,Recombination,45878,right,Interstitial,36260.5,
N11,chr9,437886,437988,434880,438376.5,3496.5,6,S288c,Recombination,691.5,right,Interstitial,79193,
N11,chr10,24438,24488,24438,24510,72,4,S288c,Deletion,16671,left,Interstitial,411856,
N11,chr11,1272,1305,1169.5,2012.5,843,4,S288c,Recombination,362.5,left,Interstitial,438175,
N11,chr11,666404,666468,665728,666468,740,6,S288c,Deletion,0,right,Interstitial,225540.5,
N11,chr12,634033,634506,633755.5,634683,927.5,4,S288c,Recombination,429598,right,Interstitial,482868,
N11,chr12,976189,976579,976138,976782.5,644.5,3,S288c,Recombination,87498.5,right,Interstitial,825250.5,
N11,chr12,1062367,1064102,1062292.5,1064185,1892.5,4,S288c,Deletion,96,right,Interstitial,911405,
N11,chr13,923659,923767,923655.5,923767,111.5,4,S288c,Recombination,0,right,Interstitial,655565.5,
N11,chr14,600012,600749,599229,601458.5,2229.5,3,S288c,Recombination,181819.5,right,Interstitial,27358,
N11,chr14,632116,632300,632062,633309.5,1247.5,4,S288c,Recombination,149968.5,right,Interstitial,3245.5,
N11,chr14,8936,9268,8936,9296.5,360.5,5,S288c,Deletion,1508,left,Interstitial,619520,
N11,chr15,621426,621652,621423,621653,230,9,S288c,Deletion,462269,right,Interstitial,294780,
N11,chr15,623746,623763,623600,624038.5,438.5,4,S288c,Deletion,459883.5,right,Interstitial,296957,
N11,chr16,62550,63738,62511,64071.5,1560.5,29,S288c,Recombination,55288,left,Interstitial,491943.5,
N11,chr16,856428,856446,853471.5,856895.5,3424,3,S288c,Recombination,85500.5,right,Interstitial,297456.5,
N13,chr1,27681,27688,27669.5,27927.5,258,4,S288c,Recombination,26868.5,left,Interstitial,123596,
N13,chr1,165976,165997,163109,166121,3012,3,S288c,Recombination,63290,right,Interstitial,11585.5,
N13,chr1,2501,2542,2501,2592.5,91.5,8,S288c,Recombination,1700,left,Interstitial,148931,
N13,chr1,13848,15921,13839,15983.5,2144.5,4,S288c,Deletion,13038,left,Interstitial,135540,
N13,chr1,18553,21593,18535,22060.5,3525.5,6,S288c,Recombination,17734,left,Terminal,129463,
N13,chr2,8161,8281,7855,8282,427,14,S288c,Recombination,1247,left,Interstitial,229983,
N13,chr3,83134,171878,83094,173603,90509,220,YJM789,Recombination,81996,left,Interstitial,0,
N13,chr3,175328,175569,173603,176447,2844,3,S288c,Recombination,139336,right,Interstitial,59160,
N13,chr3,304299,304825,304091.5,305654,1562.5,3,YJM789,Recombination,10129,right,Interstitial,189648.5,
N13,chr3,306631,306693,306628.5,306712,83.5,3,S288c,Recombination,9071,right,Interstitial,192185.5,
N13,chr3,306967,306992,306947.5,307075,127.5,4,YJM789,Recombination,8708,right,Interstitial,192504.5,
N13,chr3,308124,314498,307731.5,314498,6766.5,72,YJM789,Deletion,1285,right,Interstitial,193288.5,
N13,chr3,11578,82589,11352,82606,71254,180,YJM789,Recombination,10254,left,Terminal,31837,
N13,chr3,177325,303821,176447,303836,127389,517,YJM789,Recombination,11947,right,Terminal,62004,
N13,chr4,526727,526763,526713,526773,60,4,S288c,Recombination,525809,left,Interstitial,76947,
N13,chr4,537961,538069,532852,538094.5,5242.5,13,S288c,Recombination,531948,left,Interstitial,83086,
N13,chr4,987440,987835,984276,990316,6040,8,S288c,Recombination,534309,right,Interstitial,534510,
N13,chr4,1154321,1154412,1154143.5,1155098.5,955,4,S288c,Recombination,369526.5,right,Interstitial,704377.5,
N13,chr4,18603,18606,18032,18609,577,3,S288c,Recombination,17128,left,Interstitial,431157,
N13,chr4,1523482,1524477,1523461,1524477,1016,15,S288c,Deletion,148,right,Interstitial,1073695,
N13,chr5,250279,250283,250056.5,250405.5,349,3,S288c,Recombination,243583.5,left,Interstitial,98011,
N13,chr5,565731,565746,565730,566122.5,392.5,5,S288c,Recombination,3476.5,right,Interstitial,413684.5,
N13,chr5,567283,567375,566931.5,567381.5,450,8,S288c,Recombination,2217.5,right,Interstitial,414886,
N13,chr5,570697,571746,569560,571746,2186,6,S288c,Recombination,0,right,Interstitial,417514.5,
N13,chr6,5786,6354,5786,16126,10340,11,S288c,Recombination,256,left,Interstitial,132442.5,
N13,chr7,20931,21041,20926,21059,133,11,S288c,Deletion,20145,left,Interstitial,475920,
N13,chr7,882589,882621,882581,882636.5,55.5,4,S288c,Recombination,200998.5,right,Interstitial,385602,
N13,chr7,910137,910144,909591.5,912330.5,2739,4,S288c,Recombination,171304.5,right,Interstitial,412612.5,
N13,chr7,641,651,641,674.5,33.5,3,S288c,Recombination,0,left,Interstitial,496304.5,
N13,chr7,1145,1193,1112.5,1307.5,195,3,S288c,Recombination,331.5,left,Interstitial,495671.5,
N13,chr7,3333,3834,3319,3925.5,606.5,7,S288c,Recombination,2538,left,Interstitial,493053.5,
N13,chr8,93284,93302,93270.5,93478.5,208,3,S288c,Recombination,87765.5,left,Interstitial,12166,
N13,chr8,1569,13589,1569,13688,12119,30,S288c,Recombination,0,left,Interstitial,91956.5,
N13,chr8,554280,554389,554241,554411.5,170.5,4,S288c,Deletion,1693.5,right,Interstitial,448596.5,
N13,chr8,556650,556718,556484,556718,234,3,S288c,Recombination,0,right,Interstitial,450839.5,
N13,chr9,393177,393359,391947.5,393377,1429.5,11,S288c,Recombination,45691,right,Interstitial,36260.5,
N13,chr9,437886,438768,434880,438859.5,3979.5,8,S288c,Recombination,208.5,right,Interstitial,79193,
N13,chr10,204142,204184,200798.5,204231.5,3433,4,S288c,Deletion,193031.5,left,Interstitial,232134.5,
N13,chr10,367233,367284,365160,374464,9304,3,S288c,Recombination,357393,left,Interstitial,61902,
N13,chr10,400246,400260,400109,400261,152,4,S288c,Recombination,344641,right,Interstitial,36105,
N13,chr10,745529,745627,736328.5,745627,9298.5,8,S288c,Recombination,0,right,Interstitial,299962.5,
N13,chr11,555181,555298,554867.5,555831.5,964,3,S288c,Recombination,110072.5,right,Interstitial,114680,
N13,chr11,1272,1305,1169.5,2012.5,843,4,S288c,Recombination,362.5,left,Interstitial,438175,
N13,chr11,15594,15618,15435.5,15630,194.5,9,S288c,Deletion,14628.5,left,Interstitial,424557.5,
N13,chr11,664643,664673,664638,664832.5,194.5,5,S288c,Recombination,1071.5,right,Interstitial,224450.5,
N13,chr12,95944,96151,95882.5,96649,766.5,3,S288c,Recombination,83797.5,left,Interstitial,54238.5,
N13,chr12,688227,688246,688186.5,688254.5,68,3,S288c,Deletion,376026.5,right,Interstitial,537299,
N13,chr12,1059588,1059629,1059576,1059670,94,4,S288c,Recombination,4611,right,Interstitial,908688.5,
N13,chr12,1060128,1061676,1060002,1061686.5,1684.5,8,S288c,Recombination,2594.5,right,Interstitial,909114.5,
N13,chr12,1064102,1065282,1063160,1065282,2122,6,S288c,Recombination,0,right,Interstitial,912272.5,
N13,chr13,463367,463419,463348.5,463440.5,92,6,S288c,Deletion,457004.5,left,Interstitial,195258.5,
N13,chr13,923707,923767,923683,923767,84,3,S288c,Recombination,0,right,Interstitial,655593,
N13,chr14,570113,572277,570073.5,572318.5,2245,6,S288c,Deletion,210959.5,right,Interstitial,56498,
N13,chr14,598433,602168,598362,602193,3831,9,S288c,Recombination,181085,right,Interstitial,26623.5,
N13,chr14,8892,8941,8892,8963.5,71.5,4,S288c,Deletion,1464,left,Interstitial,619853,
N13,chr14,15919,323367,12650.5,323486.5,310836,1075,S288c,Recombination,5222.5,left,Terminal,305330,
N13,chr15,382144,384208,381960.5,384261,2300.5,12,YJM789,Recombination,381113.5,left,Interstitial,55317.5,
N13,chr15,514925,515138,514903.5,515148.5,245,14,S288c,Recombination,514056.5,left,Interstitial,188260.5,
N13,chr15,621579,621669,621502.5,621847.5,345,12,S288c,Recombination,462074.5,right,Interstitial,294859.5,
N13,chr15,622407,622446,622404.5,622452.5,48,7,S288c,Deletion,461469.5,right,Interstitial,295761.5,
N13,chr15,623746,624354,623600,624422.5,822.5,11,S288c,Recombination,459499.5,right,Interstitial,296957,
N13,chr15,970210,970235,970198,973365,3167,4,S288c,Deletion,110557,right,Interstitial,643555,
N13,chr15,1071567,1073030,1071545,1074275.5,2730.5,6,S288c,Recombination,9646.5,right,Interstitial,744902,
N13,chr16,63657,63738,63642,64071.5,429.5,7,S288c,Recombination,56419,left,Interstitial,491943.5,
N13,chr16,581566,581608,581532.5,581625.5,93,5,S288c,Recombination,360770.5,right,Interstitial,25517.5,
N15,chr1,27681,27688,27669.5,27927.5,258,4,S288c,Recombination,26868.5,left,Interstitial,123596,
N15,chr1,160234,165997,160206.5,166121,5914.5,6,S288c,Recombination,63290,right,Interstitial,8683,
N15,chr1,203804,203860,203697,203886,189,8,S288c,Recombination,25525,right,Interstitial,52173.5,
N15,chr1,204012,204029,203998,205604,1606,3,S288c,Recombination,23807,right,Interstitial,52474.5,
N15,chr1,18553,21593,18535,22060.5,3525.5,6,S288c,Deletion,17734,left,Terminal,129463,
N15,chr2,8161,8222,8161,8230,69,9,S288c,Recombination,1553,left,Interstitial,230035,
N15,chr3,82623,83054,82606,83094,488,3,S288c,Recombination,81508,left,Interstitial,31349,
N15,chr3,306631,306693,306628.5,306712,83.5,3,S288c,Recombination,9071,right,Interstitial,192185.5,
N15,chr4,972240,974731,972168,974860.5,2692.5,16,S288c,Recombination,549764.5,right,Interstitial,522402,
N15,chr4,987440,987578,984276,987665.5,3389.5,5,S288c,Recombination,536959.5,right,Interstitial,534510,
N15,chr4,18603,18651,18372,18657,285,7,S288c,Recombination,17468,left,Interstitial,431109,
N15,chr4,1524260,1524477,1523916,1524477,561,11,S288c,Recombination,148,right,Interstitial,1074150,
N15,chr5,250279,250283,250056.5,250405.5,349,3,S288c,Recombination,243583.5,left,Interstitial,98011,
N15,chr5,561269,561309,561266,561331,65,4,S288c,Recombination,8268,right,Interstitial,409220.5,
N15,chr5,565711,566512,565693,566527,834,12,S288c,Deletion,3072,right,Interstitial,413647.5,
N15,chr5,567283,567375,566931.5,567381.5,450,8,S288c,Deletion,2217.5,right,Interstitial,414886,
N15,chr5,567436,567475,567419.5,567511.5,92,6,S288c,Deletion,2087.5,right,Interstitial,415374,
N15,chr5,568423,570743,568415.5,570743,2327.5,3,S288c,Deletion,0,right,Interstitial,416370,
N15,chr6,6272,6354,6261,16126,9865,4,S288c,Recombination,731,left,Interstitial,132442.5,
N15,chr7,21023,21082,20998,21085,87,8,S288c,Recombination,20217,left,Interstitial,475894,
N15,chr7,1067384,1067396,1067379.5,1067706.5,327,3,S288c,Deletion,15928.5,right,Interstitial,570400.5,
N15,chr8,91899,92149,88558.5,92190.5,3632,3,S288c,Recombination,83053.5,left,Interstitial,13454,
N15,chr8,93055,93833,93045,94462.5,1417.5,16,S288c,Recombination,87540,left,Interstitial,11182,
N15,chr8,12605,12616,12605,12639,34,5,S288c,Recombination,7100,left,Interstitial,93005.5,
N15,chr8,554022,554038,554002,554086.5,84.5,4,S288c,Recombination,2018.5,right,Interstitial,448357.5,
N15,chr8,556650,556718,556423.5,556718,294.5,3,S288c,Deletion,0,right,Interstitial,450779,
N15,chr8,531123,553366,529816.5,553454.5,23638,6,S288c,Deletion,2650.5,right,Terminal,424172,
N15,chr9,393177,393280,391947.5,393319.5,1372,10,S288c,Recombination,45748.5,right,Interstitial,36260.5,
N15,chr9,27118,27132,27093,27175.5,82.5,3,S288c,Recombination,19309,left,Interstitial,328511.5,
N15,chr9,437886,437988,434880,438376.5,3496.5,6,S288c,Recombination,691.5,right,Interstitial,79193,
N15,chr10,204142,204184,200798.5,204231.5,3433,4,S288c,Recombination,193031.5,left,Interstitial,232134.5,
N15,chr10,24438,24488,24438,24903.5,465.5,4,S288c,Deletion,16671,left,Interstitial,411462.5,
N15,chr11,1272,1305,1169.5,2012.5,843,4,S288c,Recombination,362.5,left,Interstitial,438175,
N15,chr11,666404,666468,665728,666468,740,6,S288c,Recombination,0,right,Interstitial,225540.5,
N15,chr12,459564,460152,455560.5,460423,4862.5,3,S288c,Recombination,443475.5,left,Interstitial,304673,
N15,chr12,502994,507468,502096.5,507881,5784.5,9,YJM789,Recombination,490011.5,left,Interstitial,351209,
N15,chr12,688227,688326,688021.5,688336.5,315,6,S288c,Recombination,375944.5,right,Interstitial,537134,
N15,chr12,1062367,1063453,1062280.5,1063777.5,1497,3,S288c,Deletion,503.5,right,Interstitial,911393,
N15,chr12,1065277,1065559,1064776.5,1065608.5,832,3,S288c,Deletion,0,right,Interstitial,913889,
N15,chr14,599953,600749,599199.5,601458.5,2259,6,S288c,Recombination,181819.5,right,Interstitial,27358,
N15,chr14,8892,9268,8892,9296.5,404.5,7,S288c,Recombination,1464,left,Interstitial,619520,
N15,chr15,621426,621669,621423,621847.5,424.5,13,S288c,Recombination,462074.5,right,Interstitial,294780,
N15,chr15,623746,624331,623600,624335,735,7,S288c,Recombination,459587,right,Interstitial,296957,
N15,chr16,63410,64405,63407,64453.5,1046.5,24,S288c,Deletion,56184,left,Interstitial,491561.5,
N15,chr16,560484,560857,560453,560951,498,3,S288c,Recombination,381445,right,Interstitial,4438,