S5 Table.  LOH tracts accumulated in MA lines.  The LOH tracts are supported by minimum 3 SNPs.,,,,,,,,,,,,,
Line,Chromosome,SNP_start,SNP_end,LOH_start,LOH_end,LOH_width,Number_of_SNPs_supporting_LOH,Fixation,LOH_mechanism,Telomere_distance,Telomere_type,LOH_type,Centromere_distance
E1,chr1,27681,27688,27669.5,27927.5,258,4,S288c,Recombination,26868.5,left,Interstitial,123596
E1,chr1,28167,96092,27927.5,96755,68827.5,501,YJM789,Recombination,27126.5,left,Interstitial,54768.5
E1,chr1,151501,151526,151417,151649,232,4,YJM789,Recombination,77762,right,Interstitial,0
E1,chr1,160234,166001,160206.5,166123,5916.5,4,S288c,Recombination,63288,right,Interstitial,8683
E1,chr1,203798,204029,203694,205352,1658,14,S288c,Recombination,24059,right,Interstitial,52170.5
E1,chr1,2501,24951,2501,25070.5,22569.5,111,YJM789,Deletion,1700,left,Terminal,126453
E1,chr2,238224,238291,238206.5,238318.5,112,5,YJM789,Recombination,231598.5,left,Interstitial,0
E1,chr3,295091,295337,295085.5,295389,303.5,7,S288c,Recombination,20394,right,Interstitial,180642.5
E1,chr3,4296,4371,4296,4430,134,5,S288c,Recombination,3198,left,Interstitial,110013
E1,chr3,306591,306693,305708,306712,1004,6,S288c,Recombination,9071,right,Interstitial,191265
E1,chr4,526657,526734,526654,526737.5,83.5,7,S288c,Recombination,525750,left,Interstitial,76888
E1,chr4,987440,987524,987375,987550,175,3,S288c,Recombination,537075,right,Interstitial,537609
E1,chr4,18588,18651,18364.5,18657,292.5,9,S288c,Recombination,17460.5,left,Interstitial,431109
E1,chr4,1524266,1524310,1524263,1524384,121,5,S288c,Recombination,241,right,Interstitial,1074497
E1,chr5,250279,250283,250099,250405.5,306.5,3,S288c,Recombination,243626,left,Interstitial,98053.5
E1,chr5,443491,443531,443407,446608,3201,3,S288c,Recombination,122991,right,Interstitial,291361.5
E1,chr5,2014,2059,2014,3585.5,1571.5,11,S288c,Deletion,0,left,Interstitial,148460
E1,chr5,561269,561309,561266,561331,65,4,S288c,Deletion,8268,right,Interstitial,409220.5
E1,chr5,564355,564705,564349,564711,362,9,S288c,Recombination,4888,right,Interstitial,412303.5
E1,chr5,565711,566512,565693,566527,834,12,S288c,Recombination,3072,right,Interstitial,413647.5
E1,chr5,567283,567475,566931.5,567511.5,580,17,S288c,Recombination,2087.5,right,Interstitial,414886
E1,chr5,568423,570743,568415.5,571082,2666.5,3,S288c,Deletion,0,right,Interstitial,416370
E1,chr7,496982,497050,496965,497054.5,89.5,9,YJM789,Recombination,496184,left,Interstitial,0
E1,chr7,647,698,647,708,61,3,S288c,Recombination,0,left,Interstitial,496271
E1,chr8,93770,93833,93761,94462.5,701.5,5,S288c,Recombination,88256,left,Interstitial,11182
E1,chr8,12605,12758,7336.5,12774.5,5438,11,S288c,Recombination,1831.5,left,Interstitial,92870
E1,chr8,554022,554038,554002,554086.5,84.5,4,S288c,Recombination,2018.5,right,Interstitial,448357.5
E1,chr8,531123,553366,529816.5,553454.5,23638,6,S288c,Recombination,2650.5,right,Terminal,424172
E1,chr10,204142,204184,200798.5,204231.5,3433,4,S288c,Recombination,193031.5,left,Interstitial,232134.5
E1,chr10,24438,24461,24438,24467,29,4,S288c,Recombination,16671,left,Interstitial,411899
E1,chr10,25319,25326,25014.5,25333,318.5,3,S288c,Recombination,17247.5,left,Interstitial,411033
E1,chr10,744884,744903,736006,745203.5,9197.5,5,S288c,Recombination,0,right,Interstitial,299640
E1,chr11,46843,66128,46780.5,66995,20214.5,86,YJM789,Recombination,45973.5,left,Interstitial,373192.5
E1,chr11,218,259,218,491.5,273.5,6,S288c,Deletion,0,left,Interstitial,439696
E1,chr11,658746,663149,658630.5,663290.5,4660,3,S288c,Recombination,2613.5,right,Interstitial,218443
E1,chr11,666404,666468,665728,666468,740,6,S288c,Recombination,0,right,Interstitial,225540.5
E1,chr12,1059588,1059629,1059576,1059702,126,4,S288c,Recombination,4579,right,Interstitial,908688.5
E1,chr12,1062165,1062372,1062041,1063237,1196,7,S288c,Deletion,1044,right,Interstitial,911153.5
E1,chr13,462232,463745,461899.5,464388,2488.5,29,YJM789,Deletion,455555.5,left,Interstitial,193809.5
E1,chr13,503664,504174,503638,504228.5,590.5,4,S288c,Recombination,419312.5,right,Interstitial,235548
E1,chr14,632116,632300,631978.5,633309.5,1331,5,S288c,Recombination,149968.5,right,Interstitial,3162
E1,chr14,8936,8986,8936,9083.5,147.5,3,S288c,Recombination,1508,left,Interstitial,619733
E1,chr14,783871,783972,782622.5,783972,1349.5,3,S288c,Deletion,0,right,Interstitial,153806
E1,chr15,301075,301346,300981,301502,521,5,S288c,Recombination,300134,left,Interstitial,25141
E1,chr15,624314,624354,623884,624422.5,538.5,7,S288c,Recombination,459499.5,right,Interstitial,297241
E1,chr16,555945,556092,555885,556128.5,243.5,3,S288c,Recombination,386267.5,right,Interstitial,0
E1,chr16,17787,19253,17769,19260.5,1491.5,6,S288c,Recombination,10546,left,Interstitial,536754.5
E2,chr1,27681,27688,27669.5,27927.5,258,4,S288c,Recombination,26868.5,left,Interstitial,123596
E2,chr1,203798,203816,203694,203822,128,6,S288c,Deletion,25589,right,Interstitial,52170.5
E2,chr1,204012,204029,203998,205352,1354,3,S288c,Recombination,24059,right,Interstitial,52474.5
E2,chr2,7549,8253,7515,8266.5,751.5,13,S288c,Recombination,907,left,Interstitial,229998.5
E2,chr3,82554,83054,82499.5,83094,594.5,7,S288c,Recombination,81401.5,left,Interstitial,31349
E2,chr3,151628,151646,149871.5,152096,2224.5,3,S288c,Recombination,148773.5,left,Interstitial,35428.5
E2,chr3,306631,306693,306628.5,306712,83.5,3,S288c,Recombination,9071,right,Interstitial,192185.5
E2,chr4,526687,526741,526681,526752,71,6,S288c,Recombination,525777,left,Interstitial,76915
E2,chr4,18588,18606,18364.5,18609,244.5,5,S288c,Recombination,17460.5,left,Interstitial,431157
E2,chr4,1524266,1524477,1524263,1524477,214,10,S288c,Recombination,148,right,Interstitial,1074497
E2,chr5,250279,250283,250099,250405.5,306.5,3,S288c,Recombination,243626,left,Interstitial,98053.5
E2,chr5,443323,457524,443306.5,457560,14253.5,47,YJM789,Recombination,112039,right,Interstitial,291261
E2,chr5,2014,2059,2014,3776.5,1762.5,11,S288c,Deletion,0,left,Interstitial,148269
E2,chr5,561524,561590,561517,561634,117,9,S288c,Recombination,7965,right,Interstitial,409471.5
E2,chr5,564355,564381,564349,564406,57,4,S288c,Recombination,5193,right,Interstitial,412303.5
E2,chr5,565722,566512,565716.5,566527,810.5,11,S288c,Deletion,3072,right,Interstitial,413671
E2,chr5,567283,567436,566931.5,567448.5,517,12,S288c,Deletion,2150.5,right,Interstitial,414886
E2,chr6,5786,6097,5786,6139,353,5,S288c,Deletion,256,left,Interstitial,142429.5
E2,chr6,6306,6354,6289,16126,9837,3,S288c,Deletion,759,left,Interstitial,132442.5
E2,chr7,21035,21041,21030,21059,29,3,S288c,Recombination,20249,left,Interstitial,475920
E2,chr7,166195,166257,166059,166462,403,4,S288c,Deletion,165278,left,Interstitial,330517
E2,chr7,1079039,1079127,1073804,1079127,5323,4,S288c,Deletion,4508,right,Interstitial,576825
E2,chr8,92976,93833,92973.5,94462.5,1489,11,S288c,Deletion,87468.5,left,Interstitial,11182
E2,chr8,146331,149430,146274.5,153618.5,7344,51,YJM789,Recombination,140769.5,left,Interstitial,40630
E2,chr8,12605,12664,7336.5,12692.5,5356,7,S288c,Deletion,1831.5,left,Interstitial,92952
E2,chr8,553968,554038,553948,554086.5,138.5,6,S288c,Recombination,2018.5,right,Interstitial,448303.5
E2,chr8,554280,554389,554241,554411.5,170.5,4,S288c,Deletion,1693.5,right,Interstitial,448596.5
E2,chr8,531123,531177,529816.5,542271.5,12455,5,S288c,Recombination,13833.5,right,Terminal,424172
E2,chr9,393177,393186,392038.5,393190.5,1152,3,S288c,Recombination,45877.5,right,Interstitial,36351.5
E2,chr9,438975,439006,435424.5,439006,3581.5,4,S288c,Recombination,62,right,Interstitial,79737.5
E2,chr10,24438,24488,24438,24510,72,6,S288c,Deletion,16671,left,Interstitial,411856
E2,chr10,744884,745504,736006,745516.5,9510.5,6,S288c,Recombination,0,right,Interstitial,299640
E2,chr11,218,259,218,491.5,273.5,6,S288c,Recombination,0,left,Interstitial,439696
E2,chr11,666404,666468,665728,666468,740,6,S288c,Recombination,0,right,Interstitial,225540.5
E2,chr12,623980,627774,623573,627994.5,4421.5,14,S288c,Recombination,436286.5,right,Interstitial,472685.5
E2,chr12,629441,639533,628932.5,639834,10901.5,29,YJM789,Recombination,424447,right,Interstitial,478045
E2,chr12,818390,818542,818378,818552,174,3,S288c,Recombination,245729,right,Interstitial,667490.5
E2,chr12,1059588,1059598,1059576,1059613.5,37.5,3,S288c,Recombination,4667.5,right,Interstitial,908688.5
E2,chr12,1061635,1061676,1061617,1061686.5,69.5,3,S288c,Recombination,2594.5,right,Interstitial,910729.5
E2,chr12,1064268,1065559,1064185,1065608.5,1423.5,6,S288c,Deletion,0,right,Interstitial,913297.5
E2,chr14,370084,376490,369867.5,377963,8095.5,17,YJM789,Recombination,362439.5,left,Interstitial,250853.5
E2,chr14,8936,15919,8936,15933,6997,7,S288c,Recombination,1508,left,Interstitial,612883.5
E2,chr14,783871,783972,782622.5,783972,1349.5,3,S288c,Recombination,0,right,Interstitial,153806
E2,chr15,624314,624339,623884,624340.5,456.5,4,S288c,Deletion,459581.5,right,Interstitial,297241
E2,chr16,63267,63738,62869.5,64071.5,1202,30,S288c,Deletion,55646.5,left,Interstitial,491943.5
E3,chr1,27681,27688,27552,27927.5,375.5,4,S288c,Recombination,26751,left,Interstitial,123596
E3,chr1,198648,198677,198638,198692,54,4,S288c,Deletion,30719,right,Interstitial,47114.5
E3,chr1,203798,203816,203694,203822,128,6,S288c,Deletion,25589,right,Interstitial,52170.5
E3,chr1,2501,2542,2501,2592.5,91.5,8,S288c,Deletion,1700,left,Interstitial,148931
E3,chr1,13830,15921,13818.5,15983.5,2165,7,S288c,Recombination,13017.5,left,Interstitial,135540
E3,chr1,18553,21596,18535,22062,3527,7,S288c,Deletion,17734,left,Terminal,129461.5
E3,chr2,252572,252792,252382.5,253005.5,623,7,S288c,Recombination,245774.5,left,Interstitial,14117.5
E3,chr2,7549,8288,7332.5,8297,964.5,17,S288c,Recombination,724.5,left,Interstitial,229968
E3,chr2,805021,809220,804991,809220,4229,4,S288c,Deletion,3159,right,Interstitial,566726
E3,chr3,151628,151646,149871.5,152096,2224.5,3,S288c,Recombination,148773.5,left,Interstitial,35428.5
E3,chr3,303922,304205,303903,305359.5,1456.5,3,S288c,Recombination,10423.5,right,Interstitial,189460
E3,chr3,306591,306693,306583,306712,129,6,S288c,Recombination,9071,right,Interstitial,192140
E3,chr3,307310,307339,307246,307731.5,485.5,4,S288c,Recombination,8051.5,right,Interstitial,192803
E3,chr3,314439,314630,314401.5,314630,228.5,11,S288c,Deletion,1153,right,Interstitial,199958.5
E3,chr4,526675,526763,526672,526773,101,8,S288c,Deletion,525768,left,Interstitial,76906
E3,chr4,527743,537976,527636.5,537985,10348.5,5,S288c,Recombination,526732.5,left,Interstitial,77870.5
E3,chr4,987440,987753,987375,990275,2900,7,S288c,Recombination,534350,right,Interstitial,537609
E3,chr4,1154321,1155755,1154143.5,1155770,1626.5,6,S288c,Recombination,368855,right,Interstitial,704377.5
E3,chr4,18588,18624,18364.5,18637.5,273,8,S288c,Deletion,17460.5,left,Interstitial,431128.5
E3,chr4,1523482,1524477,1523461,1524477,1016,15,S288c,Deletion,148,right,Interstitial,1073695
E3,chr5,250279,250283,250099,250405.5,306.5,3,S288c,Deletion,243626,left,Interstitial,98053.5
E3,chr5,443491,443531,443407,446608,3201,3,S288c,Recombination,122991,right,Interstitial,291361.5
E3,chr5,2014,2052,2014,2055.5,41.5,10,YJM789,Recombination,0,left,Interstitial,149990
E3,chr5,6965,7069,6943,7141,198,11,S288c,Deletion,470,left,Interstitial,144904.5
E3,chr5,564355,564431,564349,564446,97,5,S288c,Deletion,5153,right,Interstitial,412303.5
E3,chr5,565740,565746,565738.5,566122.5,384,3,S288c,Deletion,3476.5,right,Interstitial,413693
E3,chr5,567283,567395,566931.5,567399,467.5,10,S288c,Recombination,2200,right,Interstitial,414886
E3,chr5,570697,571746,569560,571746,2186,6,S288c,Recombination,0,right,Interstitial,417514.5
E3,chr6,191856,191885,191851.5,191899.5,48,4,S288c,Deletion,77831.5,right,Interstitial,43283
E3,chr6,6065,6097,6065,6139,74,4,S288c,Recombination,535,left,Interstitial,142429.5
E3,chr6,6306,6354,6289,16126,9837,3,S288c,Recombination,759,left,Interstitial,132442.5
E3,chr7,932,1080,863.5,1112.5,249,10,YJM789,Recombination,82.5,left,Interstitial,495866.5
E3,chr7,1422,1562,1307.5,1592,284.5,3,YJM789,Recombination,526.5,left,Interstitial,495387
E3,chr7,1782,1808,1730,1848.5,118.5,3,YJM789,Recombination,949,left,Interstitial,495130.5
E3,chr7,2283,2370,2094,2837.5,743.5,4,YJM789,Deletion,1313,left,Interstitial,494141.5
E3,chr7,7126,42019,5492,42291,36799,168,YJM789,Recombination,4711,left,Terminal,454688
E3,chr8,192973,193114,192950.5,193148.5,198,3,S288c,Recombination,187445.5,left,Interstitial,87306
E3,chr8,194221,194377,194206,194432,226,4,S288c,Deletion,188701,left,Interstitial,88561.5
E3,chr8,212499,212536,212396,214385.5,1989.5,3,YJM789,Recombination,206891,left,Interstitial,106751.5
E3,chr8,525451,528096,525448.5,528161,2712.5,4,S288c,Recombination,27944,right,Interstitial,419804
E3,chr8,1569,12613,1569,12614.5,11045.5,8,S288c,Deletion,0,left,Interstitial,93030
E3,chr8,554280,554389,554241,554411.5,170.5,4,S288c,Recombination,1693.5,right,Interstitial,448596.5
E3,chr8,555849,555862,555651.5,555926.5,275,3,S288c,Recombination,178.5,right,Interstitial,450007
E3,chr8,556650,556718,556484,556718,234,3,S288c,Recombination,0,right,Interstitial,450839.5
E3,chr9,300677,300695,300666,301783,1117,3,S288c,Recombination,137285,right,Interstitial,53904
E3,chr9,339252,339259,338708,339321,613,4,S288c,Recombination,99747,right,Interstitial,16366
E3,chr9,393177,393280,392038.5,393319.5,1281,10,S288c,Recombination,45748.5,right,Interstitial,36351.5
E3,chr9,399414,439006,399326.5,439006,39679.5,279,YJM789,Recombination,62,right,Terminal,43639.5
E3,chr10,204142,204184,200798.5,204231.5,3433,4,S288c,Deletion,193031.5,left,Interstitial,232134.5
E3,chr10,338831,338882,338823.5,338937.5,114,3,S288c,Recombination,331056.5,left,Interstitial,97428.5
E3,chr10,367233,367284,365160,374464,9304,3,S288c,Recombination,357393,left,Interstitial,61902
E3,chr10,400246,400263,400109,400267.5,158.5,6,S288c,Recombination,344634.5,right,Interstitial,36098.5
E3,chr10,744884,745627,736006,745627,9621,12,S288c,Recombination,0,right,Interstitial,299640
E3,chr11,196197,196203,196088.5,196274.5,186,3,S288c,Deletion,195281.5,left,Interstitial,243913
E3,chr11,218,755,218,818.5,600.5,9,S288c,Recombination,0,left,Interstitial,439369
E3,chr11,15600,15651,15598.5,16833,1234.5,10,S288c,Deletion,14791.5,left,Interstitial,423354.5
E3,chr12,976189,981757,976138,981776,5638,6,S288c,Recombination,82505,right,Interstitial,825250.5
E3,chr12,1059588,1059629,1059576,1059670,94,4,S288c,Deletion,4611,right,Interstitial,908688.5
E3,chr12,1060207,1061599,1060167.5,1061617,1449.5,5,S288c,Recombination,2664,right,Interstitial,909280
E3,chr12,1062367,1065658,1062292.5,1065658,3365.5,10,S288c,Deletion,0,right,Interstitial,911405
E3,chr13,463330,463367,463297,463370.5,73.5,3,S288c,Recombination,456953,left,Interstitial,195207
E3,chr13,485712,487795,484605,488255.5,3650.5,5,S288c,Recombination,435285.5,right,Interstitial,216515
E3,chr14,521916,522438,520540,522453.5,1913.5,7,S288c,Recombination,260824.5,right,Interstitial,106363
E3,chr14,570020,572374,570006,572451.5,2445.5,10,S288c,Deletion,210826.5,right,Interstitial,56365
E3,chr14,600012,602168,599151.5,602193,3041.5,3,S288c,Deletion,181085,right,Interstitial,26623.5
E3,chr14,632116,632300,631978.5,633309.5,1331,5,S288c,Deletion,149968.5,right,Interstitial,3162
E3,chr14,783871,783972,782622.5,783972,1349.5,3,S288c,Recombination,0,right,Interstitial,153806
E3,chr15,24643,24655,23582.5,24660,1077.5,3,S288c,Recombination,22735.5,left,Interstitial,301983
E3,chr15,514925,515119,514903.5,515128.5,225,13,S288c,Deletion,514056.5,left,Interstitial,188260.5
E3,chr15,621409,622026,621365,622032,667,7,S288c,Deletion,461890,right,Interstitial,294722
E3,chr15,970210,970235,970198,973365,3167,4,S288c,Recombination,110557,right,Interstitial,643555
E3,chr15,1073008,1073030,1072287.5,1074275.5,1988,5,S288c,Deletion,9646.5,right,Interstitial,745644.5
E3,chr16,560484,560857,560453,560951,498,3,S288c,Recombination,381445,right,Interstitial,4438
E3,chr16,581566,581607,581532.5,581607.5,75,4,S288c,Recombination,360788.5,right,Interstitial,25517.5
E3,chr16,19227,19230,18430.5,19241,810.5,3,YJM789,Recombination,11207.5,left,Interstitial,536774
E5,chr1,198675,198677,198661.5,198692,30.5,3,S288c,Recombination,30719,right,Interstitial,47138
E5,chr1,203798,204029,203694,205352,1658,16,S288c,Recombination,24059,right,Interstitial,52170.5
E5,chr1,18517,21573,17390.5,22050.5,4660,6,S288c,Deletion,16589.5,left,Terminal,129473
E5,chr2,7549,8222,7411,8230,819,10,S288c,Deletion,803,left,Interstitial,230035
E5,chr3,306591,306693,306583,306712,129,6,S288c,Deletion,9071,right,Interstitial,192140
E5,chr4,18588,18651,18364.5,18657,292.5,9,S288c,Deletion,17460.5,left,Interstitial,431109
E5,chr5,249919,250283,249876.5,250405.5,529,4,S288c,Deletion,243403.5,left,Interstitial,97831
E5,chr5,561538,561578,561533.5,561584,50.5,6,S288c,Recombination,8015,right,Interstitial,409488
E5,chr5,564431,564462,564406,564467,61,3,S288c,Deletion,5132,right,Interstitial,412360.5
E5,chr5,565722,567475,565716.5,567511.5,1795,30,S288c,Deletion,2087.5,right,Interstitial,413671
E5,chr6,638,5786,638,5925.5,5287.5,3,S288c,Recombination,0,left,Interstitial,142643
E5,chr7,932,1080,863.5,1112.5,249,10,YJM789,Recombination,82.5,left,Interstitial,495866.5
E5,chr7,1422,1562,1307.5,1592,284.5,3,YJM789,Recombination,526.5,left,Interstitial,495387
E5,chr7,1782,1808,1730,1848.5,118.5,3,YJM789,Recombination,949,left,Interstitial,495130.5
E5,chr7,2283,2370,2094,2837.5,743.5,4,YJM789,Recombination,1313,left,Interstitial,494141.5
E5,chr7,7126,56448,6974,58898.5,51924.5,232,YJM789,Recombination,6193,left,Terminal,438080.5
E5,chr8,93824,93833,93797,94462.5,665.5,4,S288c,Recombination,88292,left,Interstitial,11182
E5,chr8,12605,12664,7336.5,12692.5,5356,7,S288c,Recombination,1831.5,left,Interstitial,92952
E5,chr8,554280,554389,554241,554411.5,170.5,4,S288c,Recombination,1693.5,right,Interstitial,448596.5
E5,chr8,555849,555862,555651.5,555926.5,275,3,S288c,Recombination,178.5,right,Interstitial,450007
E5,chr8,531123,531177,529816.5,542271.5,12455,5,S288c,Recombination,13833.5,right,Terminal,424172
E5,chr9,33423,33449,33417.5,33466.5,49,4,S288c,Recombination,25633.5,left,Interstitial,322220.5
E5,chr10,24438,24461,24438,24467,29,4,S288c,Deletion,16671,left,Interstitial,411899
E5,chr11,218,259,218,491.5,273.5,6,S288c,Recombination,0,left,Interstitial,439696
E5,chr11,664992,666468,664745,666468,1723,8,S288c,Recombination,0,right,Interstitial,224557.5
E5,chr12,976224,976986,976206.5,979371.5,3165,4,S288c,Recombination,84909.5,right,Interstitial,825319
E5,chr12,1062367,1064102,1062280.5,1064185,1904.5,3,S288c,Recombination,96,right,Interstitial,911393
E5,chr12,1065277,1066648,1064776.5,1066648,1871.5,6,S288c,Recombination,0,right,Interstitial,913889
E5,chr13,183799,183815,183700,183815.5,115.5,3,S288c,Recombination,177356,left,Interstitial,84274.5
E5,chr13,917789,918138,917641,918973,1332,3,S288c,Recombination,4568,right,Interstitial,649551
E5,chr14,8936,9289,8936,9307,371,6,S288c,Deletion,1508,left,Interstitial,619509.5
E5,chr14,783871,783972,782622.5,783972,1349.5,3,S288c,Recombination,0,right,Interstitial,153806
E5,chr15,22522,24407,22490,24446.5,1956.5,3,S288c,Recombination,21643,left,Interstitial,302196.5
E5,chr15,621579,622026,621502.5,622032,529.5,4,S288c,Recombination,461890,right,Interstitial,294859.5
E5,chr15,624314,624350,623884,624352,468,6,S288c,Recombination,459570,right,Interstitial,297241
E5,chr15,1022713,1024047,1021866.5,1024893,3026.5,5,YJM789,Recombination,59029,right,Interstitial,695223.5
E5,chr16,63267,64405,62869.5,64453.5,1584,31,S288c,Recombination,55646.5,left,Interstitial,491561.5
E7,chr1,27681,27688,27669.5,27927.5,258,4,S288c,Recombination,26868.5,left,Interstitial,123596
E7,chr1,203798,203816,203694,203822,128,6,S288c,Recombination,25589,right,Interstitial,52170.5
E7,chr1,2501,2542,2501,2592.5,91.5,8,S288c,Recombination,1700,left,Interstitial,148931
E7,chr1,13798,15921,13726,15983.5,2257.5,9,S288c,Recombination,12925,left,Interstitial,135540
E7,chr1,18553,21596,18535,22062,3527,7,S288c,Deletion,17734,left,Terminal,129461.5
E7,chr2,8161,8253,7638.5,8266.5,628,12,S288c,Recombination,1030.5,left,Interstitial,229998.5
E7,chr3,151628,151646,149871.5,152096,2224.5,3,S288c,Recombination,148773.5,left,Interstitial,35428.5
E7,chr3,303922,304205,303903,304252,349,3,S288c,Deletion,11531,right,Interstitial,189460
E7,chr3,306631,306693,306611,306712,101,3,S288c,Recombination,9071,right,Interstitial,192168
E7,chr3,307310,307339,307246,307731.5,485.5,4,S288c,Recombination,8051.5,right,Interstitial,192803
E7,chr3,314439,314630,314401.5,314630,228.5,11,S288c,Deletion,1153,right,Interstitial,199958.5
E7,chr4,526687,526864,526681,526873,192,13,S288c,Deletion,525777,left,Interstitial,76915
E7,chr4,537934,538009,532838.5,538019.5,5181,6,S288c,Recombination,531934.5,left,Interstitial,83072.5
E7,chr4,987310,987753,987277,990275,2998,8,S288c,Recombination,534350,right,Interstitial,537511
E7,chr4,18588,18615,18364.5,18619.5,255,7,S288c,Deletion,17460.5,left,Interstitial,431146.5
E7,chr4,1523440,1524477,1523395,1524477,1082,16,S288c,Deletion,148,right,Interstitial,1073629
E7,chr5,250279,250283,250099,250405.5,306.5,3,S288c,Deletion,243626,left,Interstitial,98053.5
E7,chr5,443491,443531,443407,446608,3201,3,S288c,Recombination,122991,right,Interstitial,291361.5
E7,chr5,2019,6219,2019,6239,4220,12,S288c,Recombination,0,left,Interstitial,145806.5
E7,chr5,6921,8344,6766,8638,1872,23,S288c,Recombination,293,left,Interstitial,143407.5
E7,chr5,565737,565746,565734,566122.5,388.5,4,S288c,Deletion,3476.5,right,Interstitial,413688.5
E7,chr5,567283,567355,566931.5,567365,433.5,7,S288c,Recombination,2234,right,Interstitial,414886
E7,chr5,570743,571746,570720,571746,1026,5,S288c,Recombination,0,right,Interstitial,418674.5
E7,chr6,638,5786,638,5925.5,5287.5,3,S288c,Recombination,0,left,Interstitial,142643
E7,chr6,6272,6354,6261,16126,9865,4,S288c,Deletion,731,left,Interstitial,132442.5
E7,chr7,20962,21041,20953.5,21059,105.5,7,S288c,Deletion,20172.5,left,Interstitial,475920
E7,chr7,568130,568674,564938.5,571709.5,6771,18,YJM789,Recombination,511925.5,right,Interstitial,67959.5
E7,chr7,641,698,641,708,67,4,S288c,Deletion,0,left,Interstitial,496271
E7,chr8,93830,93833,93827,94462.5,635.5,3,S288c,Deletion,88322,left,Interstitial,11182
E7,chr8,212499,212536,212396,214385.5,1989.5,3,YJM789,Recombination,206891,left,Interstitial,106751.5
E7,chr8,525446,528096,525444,528161,2717,5,S288c,Deletion,27944,right,Interstitial,419799.5
E7,chr8,1569,12616,1569,12639,11070,9,S288c,Deletion,0,left,Interstitial,93005.5
E7,chr8,554298,554389,554289,554798.5,509.5,3,S288c,Recombination,1306.5,right,Interstitial,448644.5
E7,chr8,556598,562225,556458,562225,5767,5,S288c,Deletion,0,right,Interstitial,450813.5
E7,chr8,528435,553366,528404.5,553454.5,25050,10,S288c,Recombination,2650.5,right,Terminal,422760
E7,chr9,300538,300695,299681.5,301783,2101.5,6,S288c,Recombination,137285,right,Interstitial,53904
E7,chr9,393177,393280,392038.5,393319.5,1281,10,S288c,Recombination,45748.5,right,Interstitial,36351.5
E7,chr10,367233,367284,365160,374464,9304,3,S288c,Recombination,357393,left,Interstitial,61902
E7,chr10,400246,400263,400109,400267.5,158.5,6,S288c,Recombination,344634.5,right,Interstitial,36098.5
E7,chr10,24438,24461,24438,24467,29,4,S288c,Recombination,16671,left,Interstitial,411899
E7,chr10,744884,745504,736006,745516.5,9510.5,6,S288c,Recombination,0,right,Interstitial,299640
E7,chr11,196346,369689,196274.5,370572.5,174298,922,YJM789,Recombination,195467.5,left,Interstitial,69615
E7,chr11,371456,383706,370572.5,383887,13314.5,70,S288c,Recombination,282017,right,Interstitial,56300.5
E7,chr11,386465,400341,386309,400920,14611,45,S288c,Recombination,264984,right,Interstitial,39267.5
E7,chr11,438304,438605,437983.5,439008,1024.5,4,S288c,Recombination,226896,right,Interstitial,1179.5
E7,chr11,218,724,218,803,585,7,YJM789,Recombination,0,left,Interstitial,439384.5
E7,chr11,1067,195980,1044,196088.5,195044.5,924,YJM789,Recombination,237,left,Terminal,244099
E7,chr11,549098,666468,548969.5,666468,117498.5,554,YJM789,Recombination,0,right,Terminal,108782
E7,chr12,234144,237225,231751,237416.5,5665.5,24,YJM789,Recombination,219666,left,Interstitial,80863.5
E7,chr12,1059588,1059731,1059576,1059753,177,7,S288c,Recombination,4528,right,Interstitial,908688.5
E7,chr12,1060128,1061638,1060002,1061657,1655,8,S288c,Recombination,2624,right,Interstitial,909114.5
E7,chr12,1062367,1066648,1062292.5,1066648,4355.5,13,S288c,Recombination,0,right,Interstitial,911405
E7,chr14,570034,572277,570027,572318.5,2291.5,7,S288c,Deletion,210959.5,right,Interstitial,56498
E7,chr14,632116,632186,631978.5,632243,264.5,4,S288c,Recombination,151035,right,Interstitial,3162
E7,chr14,8936,8986,8936,9083.5,147.5,3,S288c,Recombination,1508,left,Interstitial,619733
E7,chr15,514953,515138,514941,515148.5,207.5,12,S288c,Recombination,514094,left,Interstitial,188298
E7,chr15,621426,621582,621423,621804,381,4,S288c,Deletion,462118,right,Interstitial,294780
E7,chr15,834401,836419,832726,837872,5146,10,S288c,Recombination,246050,right,Interstitial,506083
E7,chr15,1071567,1073030,1071545,1074275.5,2730.5,6,S288c,Deletion,9646.5,right,Interstitial,744902
E7,chr16,63616,63738,63600,64071.5,471.5,10,S288c,Recombination,56377,left,Interstitial,491943.5
E8,chr1,27376,27423,26291.5,27440.5,1149,12,S288c,Recombination,25490.5,left,Interstitial,124083
E8,chr1,27681,27688,27669.5,27927.5,258,4,S288c,Recombination,26868.5,left,Interstitial,123596
E8,chr1,198616,198648,198610.5,198661.5,51,6,S288c,Deletion,30749.5,right,Interstitial,47087
E8,chr1,203588,206675,203270.5,206927,3656.5,18,S288c,Recombination,22484,right,Interstitial,51747
E8,chr1,18553,21596,18535,22653.5,4118.5,7,S288c,Deletion,17734,left,Terminal,128870
E8,chr2,7549,8222,7411,8230,819,10,S288c,Recombination,803,left,Interstitial,230035
E8,chr3,307182,307339,307170,307731.5,561.5,5,S288c,Recombination,8051.5,right,Interstitial,192727
E8,chr4,18588,18651,18364.5,18657,292.5,9,S288c,Deletion,17460.5,left,Interstitial,431109
E8,chr4,1524260,1524477,1523916,1524477,561,11,S288c,Recombination,148,right,Interstitial,1074150
E8,chr5,250279,250283,250099,250405.5,306.5,3,S288c,Recombination,243626,left,Interstitial,98053.5
E8,chr5,561500,561590,561480.5,561634,153.5,12,S288c,Deletion,7965,right,Interstitial,409435
E8,chr5,564355,564431,564349,564446,97,5,S288c,Deletion,5153,right,Interstitial,412303.5
E8,chr5,565711,567548,565693,567554,1861,32,S288c,Recombination,2045,right,Interstitial,413647.5
E8,chr6,6181,6354,6139,16126,9987,8,S288c,Deletion,609,left,Interstitial,132442.5
E8,chr7,641,651,641,674.5,33.5,3,S288c,Recombination,0,left,Interstitial,496304.5
E8,chr7,932,937,863.5,945.5,82,3,S288c,Recombination,82.5,left,Interstitial,496033.5
E8,chr8,93824,93833,93797,94462.5,665.5,4,S288c,Recombination,88292,left,Interstitial,11182
E8,chr8,12605,12722,12605,12726,121,9,S288c,Deletion,7100,left,Interstitial,92918.5
E8,chr8,554022,554038,554002,554086.5,84.5,4,S288c,Deletion,2018.5,right,Interstitial,448357.5
E8,chr8,554434,554653,554411.5,554953.5,542,3,S288c,Recombination,1151.5,right,Interstitial,448767
E8,chr8,555849,555862,555651.5,555926.5,275,3,S288c,Recombination,178.5,right,Interstitial,450007
E8,chr8,531123,553366,529816.5,553454.5,23638,6,S288c,Deletion,2650.5,right,Terminal,424172
E8,chr9,300677,300695,299751,301783,2032,3,S288c,Recombination,137285,right,Interstitial,53904
E8,chr9,393177,393280,392038.5,393319.5,1281,10,S288c,Deletion,45748.5,right,Interstitial,36351.5
E8,chr10,197455,204184,197437,204231.5,6794.5,5,S288c,Recombination,189670,left,Interstitial,232134.5
E8,chr10,24438,24488,24438,24510,72,6,S288c,Deletion,16671,left,Interstitial,411856
E8,chr10,744884,744903,736006,745203.5,9197.5,5,S288c,Recombination,0,right,Interstitial,299640
E8,chr11,218,259,218,491.5,273.5,6,S288c,Recombination,0,left,Interstitial,439696
E8,chr11,15603,15614,15601.5,15616,14.5,5,S288c,Recombination,14794.5,left,Interstitial,424571.5
E8,chr12,490443,976224,475568.5,976586,501017.5,2695,YJM789,Recombination,87695,right,Interstitial,324681
E8,chr12,1059588,1059598,1059576,1059613.5,37.5,3,S288c,Recombination,4667.5,right,Interstitial,908688.5
E8,chr12,1064102,1064276,1063237,1064276,1039,4,YJM789,Recombination,5,right,Interstitial,912349.5
E8,chr12,981757,1059564,979371.5,1059576,80204.5,393,YJM789,Recombination,4705,right,Terminal,828484
E8,chr14,599953,600749,599193,601458.5,2265.5,5,S288c,Recombination,181819.5,right,Interstitial,27358
E8,chr14,783871,783972,782622.5,783972,1349.5,3,S288c,Recombination,0,right,Interstitial,153806
E8,chr15,624314,624354,623884,624422.5,538.5,7,S288c,Deletion,459499.5,right,Interstitial,297241
E8,chr16,63267,64405,62869.5,64453.5,1584,31,S288c,Recombination,55646.5,left,Interstitial,491561.5
E8,chr16,19655,19659,19647,19824.5,177.5,3,S288c,Deletion,12424,left,Interstitial,536190.5
E9,chr1,27681,27688,27669.5,27927.5,258,4,S288c,Recombination,26868.5,left,Interstitial,123596
E9,chr1,2501,2542,2501,2592.5,91.5,8,S288c,Recombination,1700,left,Interstitial,148931
E9,chr1,13942,16046,13907,16072,2165,5,S288c,Recombination,13106,left,Interstitial,135451.5
E9,chr1,18553,21596,18535,22062,3527,7,S288c,Deletion,17734,left,Terminal,129461.5
E9,chr2,8161,8331,7855,8362,507,19,S288c,Recombination,1247,left,Interstitial,229903
E9,chr3,151628,151646,149871.5,152096,2224.5,3,S288c,Recombination,148773.5,left,Interstitial,35428.5
E9,chr3,307310,307339,307246,307731.5,485.5,4,S288c,Recombination,8051.5,right,Interstitial,192803
E9,chr3,314456,314630,314453,314630,177,9,S288c,Recombination,1153,right,Interstitial,200010
E9,chr3,224795,306755,224235.5,306769,82533.5,368,S288c,Recombination,9014,right,Terminal,109792.5
E9,chr4,526215,526222,526200.5,526234,33.5,3,S288c,Deletion,525296.5,left,Interstitial,76434.5
E9,chr4,526669,526810,526663,526823.5,160.5,12,S288c,Deletion,525759,left,Interstitial,76897
E9,chr4,987440,987753,987375,990275,2900,7,S288c,Recombination,534350,right,Interstitial,537609
E9,chr4,1523563,1524477,1523522.5,1524477,954.5,14,S288c,Recombination,148,right,Interstitial,1073756.5
E9,chr5,250279,250283,250099,250405.5,306.5,3,S288c,Deletion,243626,left,Interstitial,98053.5
E9,chr5,443491,443531,443407,446608,3201,3,S288c,Recombination,122991,right,Interstitial,291361.5
E9,chr5,2049,6219,2046.5,6239,4192.5,6,S288c,Recombination,0,left,Interstitial,145806.5
E9,chr5,566499,566502,566122.5,566507,384.5,3,S288c,Recombination,3092,right,Interstitial,414077
E9,chr5,567283,567355,566931.5,567375,443.5,7,S288c,Deletion,2224,right,Interstitial,414886
E9,chr5,570743,571746,570720,571746,1026,5,S288c,Recombination,0,right,Interstitial,418674.5
E9,chr6,6306,6354,6289,16126,9837,3,S288c,Deletion,759,left,Interstitial,132442.5
E9,chr7,41268,42563,38405.5,42883.5,4478,5,S288c,Recombination,37624.5,left,Interstitial,454095.5
E9,chr7,937218,990576,937145,990592.5,53447.5,266,YJM789,Recombination,93042.5,right,Interstitial,440166
E9,chr7,331,651,331,674.5,343.5,4,YJM789,Recombination,0,left,Interstitial,496304.5
E9,chr7,698,795,674.5,863.5,189,4,S288c,Recombination,0,left,Interstitial,496115.5
E9,chr7,932,13749,863.5,14543,13679.5,82,YJM789,Deletion,82.5,left,Interstitial,482436
E9,chr7,990659,1079127,990640,1079127,88487,404,YJM789,Recombination,4508,right,Terminal,493661
E9,chr8,1569,2068,1569,7336.5,5767.5,4,S288c,Recombination,0,left,Interstitial,98308
E9,chr8,554022,554038,554002,554086.5,84.5,4,S288c,Recombination,2018.5,right,Interstitial,448357.5
E9,chr8,556598,556718,556458,556718,260,4,S288c,Recombination,0,right,Interstitial,450813.5
E9,chr8,531123,553366,529816.5,553454.5,23638,6,S288c,Deletion,2650.5,right,Terminal,424172
E9,chr9,300677,300695,300666,301783,1117,3,S288c,Recombination,137285,right,Interstitial,53904
E9,chr9,339252,339259,338708,339321,613,4,S288c,Deletion,99747,right,Interstitial,16366
E9,chr9,393177,393188,392038.5,393190,1151.5,4,S288c,Deletion,45878,right,Interstitial,36351.5
E9,chr10,367233,367284,365160,374464,9304,3,S288c,Recombination,357393,left,Interstitial,61902
E9,chr10,744884,745627,736006,745627,9621,13,S288c,Recombination,0,right,Interstitial,299640
E9,chr11,555181,555298,554867.5,555831.5,964,3,S288c,Recombination,110072.5,right,Interstitial,114680
E9,chr11,218,733,218,744,526,8,S288c,Deletion,0,left,Interstitial,439443.5
E9,chr12,976948,976986,976586,979371.5,2785.5,3,S288c,Recombination,84909.5,right,Interstitial,825698.5
E9,chr12,1059588,1061599,1059508,1061617,2109,15,S288c,Recombination,2664,right,Interstitial,908620.5
E9,chr12,1064268,1066648,1063231,1066648,3417,10,S288c,Recombination,0,right,Interstitial,912343.5
E9,chr13,370224,378514,369917,378622,8705,39,S288c,Recombination,363573,left,Interstitial,101827
E9,chr14,570113,572277,570073.5,572318.5,2245,6,S288c,Deletion,210959.5,right,Interstitial,56498
E9,chr14,599953,602168,599193,602193,3000,6,S288c,Recombination,181085,right,Interstitial,26623.5
E9,chr15,514925,515119,514903.5,515128.5,225,13,S288c,Recombination,514056.5,left,Interstitial,188260.5
E9,chr15,621409,621582,621365,621804,439,6,S288c,Recombination,462118,right,Interstitial,294722
E9,chr15,623451,624331,623449.5,624335,885.5,5,S288c,Deletion,459587,right,Interstitial,296806.5
E9,chr15,970210,970235,970198,973365,3167,4,S288c,Deletion,110557,right,Interstitial,643555
E9,chr15,1071567,1073030,1071545,1074275.5,2730.5,6,S288c,Deletion,9646.5,right,Interstitial,744902
E9,chr16,63582,63738,63573.5,64071.5,498,13,S288c,Deletion,56350.5,left,Interstitial,491943.5
E9,chr16,292699,304984,291872.5,305128.5,13256,43,YJM789,Recombination,284649.5,left,Interstitial,250886.5
E9,chr16,581602,581608,581587,581625.5,38.5,3,S288c,Deletion,360770.5,right,Interstitial,25572
E11,chr1,27405,27423,27395,27440.5,45.5,7,S288c,Recombination,26594,left,Interstitial,124083
E11,chr1,27681,27688,27669.5,27927.5,258,4,S288c,Recombination,26868.5,left,Interstitial,123596
E11,chr1,151501,151503,151417,151514.5,97.5,3,YJM789,Recombination,77896.5,right,Interstitial,9
E11,chr1,203588,204029,203270.5,205352,2081.5,19,S288c,Recombination,24059,right,Interstitial,51747
E11,chr1,18553,21573,18535,22050.5,3515.5,5,S288c,Deletion,17734,left,Terminal,129473
E11,chr2,8161,8222,7717,8230,513,9,S288c,Recombination,1109,left,Interstitial,230035
E11,chr3,91002,91331,87711.5,91718.5,4007,3,YJM789,Recombination,86613.5,left,Interstitial,22724.5
E11,chr3,295100,295317,295098.5,295379,280.5,4,S288c,Recombination,20404,right,Interstitial,180655.5
E11,chr3,306631,306693,306628.5,306712,83.5,3,S288c,Recombination,9071,right,Interstitial,192185.5
E11,chr4,18588,18624,18364.5,18637.5,273,8,S288c,Recombination,17460.5,left,Interstitial,431128.5
E11,chr4,1524260,1524477,1523916,1524477,561,11,S288c,Recombination,148,right,Interstitial,1074150
E11,chr5,250279,250283,250099,250405.5,306.5,3,S288c,Recombination,243626,left,Interstitial,98053.5
E11,chr5,2040,2059,2037.5,3585.5,1548,5,S288c,Deletion,0,left,Interstitial,148460
E11,chr5,561461,561590,561445.5,561634,188.5,13,S288c,Recombination,7965,right,Interstitial,409400
E11,chr5,566499,567375,566122.5,567381.5,1259,14,S288c,Deletion,2217.5,right,Interstitial,414077
E11,chr6,6306,6354,6289,16126,9837,3,S288c,Deletion,759,left,Interstitial,132442.5
E11,chr7,1079039,1079127,1073804,1079127,5323,4,S288c,Deletion,4508,right,Interstitial,576825
E11,chr8,93824,93833,93797,94462.5,665.5,4,S288c,Recombination,88292,left,Interstitial,11182
E11,chr8,12605,12608,7336.5,12610.5,5274,3,S288c,Deletion,1831.5,left,Interstitial,93034
E11,chr8,556650,556718,556624,556718,94,3,S288c,Deletion,0,right,Interstitial,450979.5
E11,chr8,531123,531177,529816.5,542271.5,12455,5,S288c,Recombination,13833.5,right,Terminal,424172
E11,chr9,300677,300695,300666,301783,1117,3,S288c,Recombination,137285,right,Interstitial,53904
E11,chr9,393177,393195,392038.5,393196.5,1158,6,S288c,Recombination,45871.5,right,Interstitial,36351.5
E11,chr10,448916,452260,448682,452419.5,3737.5,23,YJM789,Recombination,292482.5,right,Interstitial,12316
E11,chr10,24438,35035,24438,36448,12010,141,YJM789,Recombination,16671,left,Terminal,399918
E11,chr11,218,259,218,491.5,273.5,6,S288c,Recombination,0,left,Interstitial,439696
E11,chr12,367056,367768,366113,375164,9051,3,S288c,Recombination,354028,left,Interstitial,215225.5
E11,chr12,638411,650260,637624,650513.5,12889.5,39,YJM789,Recombination,413767.5,right,Interstitial,486736.5
E11,chr12,1059588,1059598,1059576,1059613.5,37.5,3,S288c,Deletion,4667.5,right,Interstitial,908688.5
E11,chr12,1062367,1064276,1062292.5,1064967,2674.5,6,S288c,Deletion,0,right,Interstitial,911405
E11,chr13,378496,378514,375409,378622,3213,3,S288c,Recombination,369065,left,Interstitial,107319
E11,chr13,917789,918138,917641,918973,1332,3,S288c,Recombination,4568,right,Interstitial,649551
E11,chr14,8936,8986,8936,9083.5,147.5,3,S288c,Recombination,1508,left,Interstitial,619733
E11,chr14,783871,783972,782622.5,783972,1349.5,3,S288c,Deletion,0,right,Interstitial,153806
E11,chr15,624314,624354,623884,624422.5,538.5,7,S288c,Deletion,459499.5,right,Interstitial,297241
E11,chr16,63410,64405,63407,64453.5,1046.5,24,S288c,Deletion,56184,left,Interstitial,491561.5
E13,chr1,27681,27688,27669.5,27927.5,258,4,S288c,Recombination,26868.5,left,Interstitial,123596
E13,chr1,2501,2519,2501,2521.5,20.5,3,S288c,Deletion,1700,left,Interstitial,149002
E13,chr1,13830,13965,13818.5,14918,1099.5,5,S288c,Deletion,13017.5,left,Interstitial,136605.5
E13,chr1,18553,21596,18535,22062,3527,7,S288c,Deletion,17734,left,Terminal,129461.5
E13,chr2,8161,8253,8161,8266.5,105.5,12,S288c,Recombination,1553,left,Interstitial,229998.5
E13,chr3,151628,151646,149871.5,152096,2224.5,3,S288c,Recombination,148773.5,left,Interstitial,35428.5
E13,chr3,303862,304205,303857.5,305347.5,1490,5,S288c,Deletion,10435.5,right,Interstitial,189414.5
E13,chr3,306591,306693,306583,306712,129,6,S288c,Recombination,9071,right,Interstitial,192140
E13,chr3,307310,307339,307246,307731.5,485.5,4,S288c,Recombination,8051.5,right,Interstitial,192803
E13,chr3,314573,314630,314535.5,314630,94.5,5,S288c,Deletion,1153,right,Interstitial,200092.5
E13,chr4,156591,162543,156476.5,162630.5,6154,38,S288c,Recombination,155572.5,left,Interstitial,287135.5
E13,chr4,987473,987753,987358.5,990275,2916.5,6,S288c,Recombination,534350,right,Interstitial,537592.5
E13,chr4,1154405,1154468,1154363,1155111.5,748.5,4,S288c,Recombination,369513.5,right,Interstitial,704597
E13,chr4,1523563,1524477,1523522.5,1524477,954.5,14,S288c,Deletion,148,right,Interstitial,1073756.5
E13,chr5,250279,250283,250099,250405.5,306.5,3,S288c,Recombination,243626,left,Interstitial,98053.5
E13,chr5,443491,443531,443407,446608,3201,3,S288c,Recombination,122991,right,Interstitial,291361.5
E13,chr5,2031,2059,2030,4139,2109,7,S288c,Recombination,0,left,Interstitial,147906.5
E13,chr5,561524,561555,561517,561562,45,6,S288c,Deletion,8037,right,Interstitial,409471.5
E13,chr5,567283,567355,566931.5,567365,433.5,7,S288c,Recombination,2234,right,Interstitial,414886
E13,chr5,570743,571746,570720,571746,1026,5,S288c,Recombination,0,right,Interstitial,418674.5
E13,chr6,63014,64249,62933,64687,1754,5,YJM789,Recombination,57403,left,Interstitial,83881.5
E13,chr6,6065,6097,6065,6139,74,4,S288c,Recombination,535,left,Interstitial,142429.5
E13,chr6,6272,6354,6261,16126,9865,4,S288c,Deletion,731,left,Interstitial,132442.5
E13,chr7,932,1080,863.5,1112.5,249,10,YJM789,Deletion,82.5,left,Interstitial,495866.5
E13,chr7,1422,1562,1307.5,1592,284.5,3,YJM789,Recombination,526.5,left,Interstitial,495387
E13,chr7,1782,1808,1730,1848.5,118.5,3,YJM789,Recombination,949,left,Interstitial,495130.5
E13,chr7,2283,2370,2094,2837.5,743.5,4,YJM789,Deletion,1313,left,Interstitial,494141.5
E13,chr7,7126,347577,6974,348250,341276,1554,YJM789,Recombination,6193,left,Terminal,148729
E13,chr8,12605,12616,12605,12639,34,5,S288c,Recombination,7100,left,Interstitial,93005.5
E13,chr8,554653,555208,554507.5,555231,723.5,3,S288c,Recombination,874,right,Interstitial,448863
E13,chr8,556650,562225,556484,562225,5741,4,S288c,Deletion,0,right,Interstitial,450839.5
E13,chr8,528460,553366,528447.5,553454.5,25007,9,S288c,Deletion,2650.5,right,Terminal,422803
E13,chr9,300677,300695,300666,301783,1117,3,S288c,Recombination,137285,right,Interstitial,53904
E13,chr9,393177,393280,392038.5,393319.5,1281,10,S288c,Recombination,45748.5,right,Interstitial,36351.5
E13,chr9,438975,439006,435424.5,439006,3581.5,4,S288c,Recombination,62,right,Interstitial,79737.5
E13,chr10,367233,367284,365160,374464,9304,3,S288c,Recombination,357393,left,Interstitial,61902
E13,chr10,744884,744903,736006,745203.5,9197.5,5,S288c,Recombination,0,right,Interstitial,299640
E13,chr11,196197,196203,196088.5,196274.5,186,3,S288c,Deletion,195281.5,left,Interstitial,243913
E13,chr11,218,259,218,491.5,273.5,6,S288c,Recombination,0,left,Interstitial,439696
E13,chr12,95944,96151,95882.5,96640,757.5,3,S288c,Recombination,83797.5,left,Interstitial,54247.5
E13,chr12,976948,976986,976586,979371.5,2785.5,3,S288c,Recombination,84909.5,right,Interstitial,825698.5
E13,chr12,1059588,1059711,1059576,1059720.5,144.5,5,S288c,Recombination,4560.5,right,Interstitial,908688.5
E13,chr12,1060207,1061638,1060167.5,1061657,1489.5,7,S288c,Recombination,2624,right,Interstitial,909280
E13,chr12,1062367,1065559,1062292.5,1065608.5,3316,9,S288c,Deletion,0,right,Interstitial,911405
E13,chr13,378496,378514,375409,378622,3213,3,S288c,Recombination,369065,left,Interstitial,107319
E13,chr14,570034,572261,570027,572269,2242,6,S288c,Deletion,211009,right,Interstitial,56547.5
E13,chr14,599953,602218,599193,602233.5,3040.5,7,S288c,Deletion,181044.5,right,Interstitial,26583
E13,chr14,632116,632300,631978.5,633309.5,1331,5,S288c,Deletion,149968.5,right,Interstitial,3162
E13,chr14,8936,8986,8936,9155.5,219.5,3,S288c,Recombination,1508,left,Interstitial,619661
E13,chr15,515034,515138,515004,515148.5,144.5,8,S288c,Deletion,514157,left,Interstitial,188361
E13,chr15,517528,1073752,517474,1074654,557180,1782,YJM789,Recombination,9268,right,Terminal,190831
E13,chr16,63584,63738,63583.5,64071.5,488,11,S288c,Recombination,56360.5,left,Interstitial,491943.5
E15,chr1,22696,23711,22612,24238.5,1626.5,4,S288c,Recombination,21811,left,Interstitial,127285
E15,chr1,27390,27423,27387.5,27440.5,53,10,S288c,Recombination,26586.5,left,Interstitial,124083
E15,chr1,27681,27688,27669.5,27927.5,258,4,S288c,Recombination,26868.5,left,Interstitial,123596
E15,chr1,203798,204029,203694,205352,1658,14,S288c,Recombination,24059,right,Interstitial,52170.5
E15,chr2,8161,8222,7717,8230,513,9,S288c,Deletion,1109,left,Interstitial,230035
E15,chr3,82578,83054,82566,83094,528,6,S288c,Recombination,81468,left,Interstitial,31349
E15,chr3,151628,151646,149871.5,152096,2224.5,3,S288c,Recombination,148773.5,left,Interstitial,35428.5
E15,chr3,9219,9461,6854.5,10293.5,3439,3,S288c,Recombination,5756.5,left,Interstitial,104149.5
E15,chr3,306631,306693,306628.5,306712,83.5,3,S288c,Recombination,9071,right,Interstitial,192185.5
E15,chr4,987576,987750,987508,987751.5,243.5,3,S288c,Recombination,536873.5,right,Interstitial,537742
E15,chr4,18588,18651,18364.5,18657,292.5,9,S288c,Recombination,17460.5,left,Interstitial,431109
E15,chr4,1524260,1524477,1523916,1524477,561,11,S288c,Recombination,148,right,Interstitial,1074150
E15,chr5,2049,2059,2046.5,3585.5,1539,3,S288c,Recombination,0,left,Interstitial,148460
E15,chr5,561524,561578,561517,561584,67,8,S288c,Recombination,8015,right,Interstitial,409471.5
E15,chr5,564431,564486,564406,564510.5,104.5,6,S288c,Deletion,5088.5,right,Interstitial,412360.5
E15,chr5,565711,567395,565693,567399,1706,23,S288c,Recombination,2200,right,Interstitial,413647.5
E15,chr6,6272,6354,6261,16126,9865,4,S288c,Recombination,731,left,Interstitial,132442.5
E15,chr7,111570,111609,111155,111611.5,456.5,6,S288c,Recombination,110374,left,Interstitial,385367.5
E15,chr7,166195,166257,166059,166462,403,4,S288c,Deletion,165278,left,Interstitial,330517
E15,chr8,93824,93833,93797,94462.5,665.5,4,S288c,Recombination,88292,left,Interstitial,11182
E15,chr8,212499,212536,212396,214385.5,1989.5,3,YJM789,Recombination,206891,left,Interstitial,106751.5
E15,chr8,554022,554038,554002,554086.5,84.5,4,S288c,Recombination,2018.5,right,Interstitial,448357.5
E15,chr8,555849,555862,555651.5,555926.5,275,3,S288c,Recombination,178.5,right,Interstitial,450007
E15,chr8,556650,556718,556624,556718,94,3,S288c,Deletion,0,right,Interstitial,450979.5
E15,chr9,389434,439006,389364.5,439006,49641.5,370,YJM789,Recombination,62,right,Terminal,33677.5
E15,chr10,24438,24488,24438,24510,72,6,S288c,Recombination,16671,left,Interstitial,411856
E15,chr11,218,259,218,491.5,273.5,6,S288c,Recombination,0,left,Interstitial,439696
E15,chr11,15594,15614,15435.5,15616,180.5,8,S288c,Deletion,14628.5,left,Interstitial,424571.5
E15,chr11,664992,666404,664745,666404,1659,3,S288c,Recombination,0,right,Interstitial,224557.5
E15,chr12,1059588,1059598,1059576,1059613.5,37.5,3,S288c,Deletion,4667.5,right,Interstitial,908688.5
E15,chr12,1060207,1061676,1060167.5,1061686.5,1519,7,S288c,Recombination,2594.5,right,Interstitial,909280
E15,chr12,1064268,1064276,1063243,1064276,1033,3,S288c,Deletion,5,right,Interstitial,912355.5
E15,chr13,463261,463395,463254,463403.5,149.5,7,S288c,Recombination,456910,left,Interstitial,195164
E15,chr14,632116,632300,631978.5,633309.5,1331,5,S288c,Recombination,149968.5,right,Interstitial,3162
E15,chr14,8936,9289,8936,9307,371,6,S288c,Recombination,1508,left,Interstitial,619509.5
E15,chr14,783871,783972,782622.5,783972,1349.5,3,S288c,Deletion,0,right,Interstitial,153806
E15,chr15,22522,24407,22490,24446.5,1956.5,3,S288c,Deletion,21643,left,Interstitial,302196.5
E15,chr15,621581,622026,621580,622032,452,3,S288c,Deletion,461890,right,Interstitial,294937
E15,chr15,624314,624331,623884,624335,451,3,S288c,Recombination,459587,right,Interstitial,297241
E15,chr15,789434,792138,787554,793303.5,5749.5,9,YJM789,Recombination,290618.5,right,Interstitial,460911
E15,chr16,63582,64405,63573.5,64453.5,880,14,S288c,Deletion,56350.5,left,Interstitial,491561.5
,,,,,,,,,,,,,