strain,barcode,sequencing depth,missing genotype rate,homozygous rate,number of LOH,total LOH length,LOH position,included in analyses
CNTRL-1A,AGCAAATCAACAAAAGATAA,149.515,0.020223,2.4112654320987653e-5,0,0,NA,YES
CNTRL-1B,AGCCATGTACTCGGTGGTTC,182.421,0.00172463,2.3665838362323985e-5,0,0,NA,YES
CNTRL-1C,CGTTAATTTACACTGCATGT,220.781,4.96125e-4,0,0,0,NA,YES
CNTRL-1D,TCGGCATAAAACATAAAACA,214.134,2.12625e-4,0,0,0,NA,YES
CNTRL-1E,GTAAGATAAGGAATGAAAGG,234.748,0.00411075,4.744508231721782e-5,0,0,NA,YES
CNTRL-1G,GTCTGAAGGGCAGTGACTGC,193.365,0.00243338,0,0,0,NA,YES
CNTRL-1H,CCGGTATTGAGACAGAAAGT,210.013,0.00557551,0,0,0,NA,YES
NFS-1E,CTTGGATCCGACGAATGCAA,257.745,6.85126e-4,0.035154495378141325,4,413695,(SK1) chrIV:715352-744435; chrIV:763658-789392; chrVIII:248547-254816; chrXI:4775-357380.,YES
NFS-2A,GTGGGCGCCCCGTCCCCGCA,176.88,0.0115054,0.07951530795153079,1,1056467,(SK1) chrXV:14818-1071284.,YES
NFS-2B,TCACAAAAAAATAACTAAGA,195.575,0.00356738,0.0019916067999146453,2,7457,(SK1) chrVIII:291434-294768; chrXV:639225-643346.,YES
NFS-2D,ACGGTTTGTTAGGTAAACTC,179.707,0.00711113,0.0036881052656625502,1,33984,(SK1) chrXI:544959-578942.,YES
NFS-2F,GCTCTGGCTTAAAGTATCAA,212.049,0.00347288,9.48294255707546e-5,0,0,NA,YES
NFS-3G,AGTACGGATGAAGAGAGTAA,240.907,0.00250425,0.07363459807683198,10,940618,(BY4741) chrII:365654-391464; chrVII:624442-628627; chrX:21859-24461; chrX:26108-342956; chrXV:591337-1071284. (SK1) chrI:65991-82379; chrII:452576-529552; chrIV:368207-374282; chrVII:330639-339874; chrX:343571-346113.,YES
NFS-4B,TATGAGGCAGGAGGAAAAAA,198.148,0.00163013,0.002768640999550392,1,24613,(SK1) chrXIII:316408-341020.,YES
NFS-4E,TAACTGCCGCGCGTCGAAAA,156.428,0.00356738,0.009720937951964341,2,107474,(BY4741) chrVII:108238-109784. (SK1) chrVII:1535-107461.,YES
NFS-5B,CGTAAATCGTCAAAGAAAAA,212.586,0.002835,0.03451952236542836,1,398516,(SK1) chrX:21499-420014.,YES
NFS-5D,CTAGAAAATAACTTAAGAAA,220.313,0.00127575,0.019397265458674363,1,50599,(SK1) chrXII:600169-650767.,YES
NFS-5G,GGACCTATGAGAGTGGTCGT,192.857,0.00467775,7.595537621647282e-4,0,0,NA,YES
NFS-6C,TCCGGGGACGCTTCGAACC,203.855,0.00153563,0,0,0,NA,YES
NFS-7A,TTTGTGACCAAGAAGATAGA,202.549,0.0119543,0.024580364401511165,6,435379,(BY4741) chrI:180898-182210; chrX:375038-551577. (SK1) chrI:183881-203111; chrIV:195474-280802; chrX:592918-714056; chrXVI:811565-843391.,YES
NFS-7C,CACCAGGAGGCGGCACCCAA,206.01,3.3075e-4,0,0,0,NA,YES
NFS-7E,GCCCGCTTCGCTTTGCGCCA,256.464,2.3625e-4,0.028073160357294766,3,315102,(BY4741) chrX:21499-24461; chrX:26108-323243. (SK1) chrVII:586992-601994.,YES
NFS-7H,CGGAAACGTGAGACAAAAA,134.729,0.030618,0,0,0,NA,YES
P1-11B,GCGGTTCGAGGTTTTTACGT,278.639,0.0222075,0.007031023485068136,3,59697,(BY4741) chrIX:396306-403850. (SK1) chrII:307794-341186; chrIX:371210-389968.,YES
P1-11D,CTCAGGACGATTCTAGACAT,333.878,0.0010395,7.804370447450572e-4,1,30848,(SK1) chrXIII:513160-544007.,YES
P1-11E,TAGTCCGTCCCAATCAGATA,484.577,3.54375e-4,4.726679743813958e-5,0,0,NA,YES
P1-1A,ATATGGGCAGCCCTAGATCG,410.682,0.00295313,0.005568324526692415,3,42063,(SK1) chrII:535517-545201; chrIV:1331692-1340287; chrVIII:121987-145768.,YES
P1-1E,GATTAACTCCTAAGAAAAAC,202.562,0,0.011103761103761104,2,85553,(SK1) chrX:21499-95205; chrXI:332860-344705.,YES
P1-1F,CAGCCTCGGTAAATGCACAA,212.051,6.14251e-4,0.015696657368445936,2,227121,(BY4741) chrXV:876653-1071284. (SK1) chrXV:841378-873866.,YES
P1-1G,GGGAGTGTCCTGAAACATCC,242.856,0.00503213,0.005959871779650956,5,90335,(BY4741) chrXV:341353-343550. (SK1) chrIV:1230760-1287842; chrIV:1344805-1353470; chrIV:1417872-1426142; chrXII:1014017-1028133.,YES
P1-2D,TCCATATTAAGGAGAAAAAG,344.258,1.65375e-4,0.009546088230429338,2,101591,(SK1) chrVII:1535-67477; chrXV:698306-733953.,YES
P1-2F,GCGGACCAAAAGAGAGTCAT,310.223,7.08751e-5,0.08467808623744831,8,1081928,(BY4741) chrIV:20081-316669; chrXVI:245420-246558. (SK1) chrIV:309895-335524; chrVII:440160-441362; chrVIII:360630-379353; chrXI:612809-619794; chrXII:381256-1058899; chrXIV:727189-781201.,YES
P1-2H,CGTGTACAGGGACACTAAAA,194.147,0.00597713,0.0024004753416518123,3,40723,(BY4741) chrXI:624919-636244. (SK1) chrIII:103556-111695; chrIII:285783-307039.,YES
P1-3A,CGATGCGAACCAAGGAAAAA,153.986,0.00569363,0.059804690284410864,2,813077,(SK1) chrVII:918902-1081961; chrXIV:21301-671317.,YES
P1-3B,TGGCGACCGAGGTTAAAGTG,205.693,4.96125e-4,0.008083768643486894,2,56071,(SK1) chrVI:238621-270034; chrXVI:368629-393285.,YES
P1-3C,CGCCGCGTACAGAGGCATTC,239.688,7.08751e-5,0.004040165386887182,2,32299,(SK1) chrVI:40564-72559; chrXII:940624-940926.,YES
P1-3D,ACGTTAGCCAAGGCAACCGA,409.125,4.48875e-4,0.019712117989080336,2,251892,(SK1) chrIX:93546-296453; chrXI:220318-269301.,YES
P1-3F,ATCGAAAGAATGTGCGTCGC,234.471,1.65375e-4,0.0020320880886557503,2,38605,(SK1) chrVII:67477-71650; chrVII:1047531-1081961.,YES
P1-4A,CAAGGTCTTGTAATTTAAGA,248.068,0.0118125,0.008224156067705842,5,207617,(SK1) chrXI:578669-583946; chrXII:194272-382029; chrXII:397180-401532; chrXII:532984-543116; chrXII:948664-948758.,YES
P1-4B,CGAGGGACACCCGAAAAAAT,246.116,4.01625e-4,0.007184892817470634,2,54720,(SK1) chrVII:986601-1007272; chrXI:80353-114400.,YES
P1-4C,CCCGTGGGACGGTAAACAAA,85.1328,0.0138443,0.03533611230894543,4,375811,(BY4741) chrVII:1017034-1035138. (SK1) chrIV:294391-302250; chrVIII:351784-553739; chrXII:527518-675407.,YES
P1-4D,GTAGGGTCGAACTTAGAAGC,216.858,9.45001e-4,2.1282633371169125e-4,1,40,(BY4741) chrIV:523193-523232.,YES
P1-4F,AGATCAAGACCCGGTAAAAA,258.466,0.00181913,0.03680386263047029,4,209907,(BY4741) chrVI:98330-99605; chrXVI:229246-236142. (SK1) chrV:435665-554490; chrVI:15279-98186.,YES
P1-4G,CCAAGTTGCAACAGATGTGG,279.217,0,6.378756378756378e-4,1,12452,(SK1) chrXII:590028-602479.,YES
P1-4H,CCAGGTGAAGAGTGATACAT,188.757,1.65375e-4,0.01223978639446138,1,116868,(SK1) chrX:611484-728351.,YES
P1-5A,TATCATAAGCACGAGTCCGA,92.3389,0.004725,6.883782757311052e-4,3,14203,(BY4741) chrV:75594-85693; chrVII:1001770-1003201. (SK1) chrIV:198659-201329.,YES
P1-5B,CGAAGACTCGGGAAACAACA,178.303,3.54375e-4,0.05059910665752842,2,678700,(SK1) chrXII:381256-1058899; chrXV:410228-411283.,YES
P1-5C,ACAGGGTAGGGTAAAAAACG,246.422,2.3625e-5,0.0025515628322347436,2,28200,(SK1) chrXI:542597-568041; chrXIII:96832-99586.,YES
P1-5D,CCCCGCATCCAATTGGGACT,274.137,0.00533926,0.0516602536696594,2,601230,(SK1) chrIV:1173839-1522300; chrVII:829194-1081961.,YES
P1-5G,CTTAAAATGCACGGGAGCAA,275.735,3.54375e-4,0.08212606054876752,3,893222,(BY4741) chrXV:676727-1071284. (SK1) chrX:245918-251581; chrXVI:16847-509846.,YES
P1-5H,TGTGAATTCGCAGAAGTGAC,262.073,8.97751e-4,0.007755970678647434,3,75867,(SK1) chrVII:1535-66501; chrXII:930472-936676; chrXII:969880-974574.,YES
P1-6A,GGAGAAGCTATCGGATACGA,306.133,0,2.1262521262521263e-4,1,4223,(SK1) chrXII:249052-253274.,YES
P1-6D,GTCAGGGTCCCCAGTGGTGC,257.412,8.97751e-4,0.01993379049420667,6,222305,(SK1) chrIV:285457-310948; chrVII:554830-616580; chrVII:984935-1028485; chrX:542293-542708; chrXV:348938-354481; chrXV:855289-940839.,YES
P1-6F,ATAGACCCACCAAAGAAAAA,415.103,0,0.023436023436023436,6,294296,(SK1) chrIV:20081-22049; chrIV:721283-782410; chrIV:1281921-1307338; chrX:572936-728412; chrXIII:190411-196123; chrXIII:658015-702605.,YES
P1-6G,GGGCGGTACGCAGGTGCGGC,115.672,0.00455963,0.0027767888928444287,1,15813,(SK1) chrXVI:349538-365350.,YES
P1-6H,GTTAAGGAACGGTGATATAC,99.9716,0.00763088,0.0024520890370194025,3,22157,(BY4741) chrXIII:651500-657064. (SK1) chrXII:937242-950047; chrXIII:670498-674283.,YES
P1-7A,GCCGGTAAAGAAAGGTAAAT,185.374,0.00411075,0.05062390283247142,7,662822,(BY4741) chrII:427998-445521. (SK1) chrI:2825-203111; chrII:216513-218741; chrII:389935-427568; chrII:445593-804707; chrXIII:155649-194499; chrXIII:729020-736201.,YES
P1-7F,GCACATGCGACCCAATGGCA,330.224,6.14251e-4,0.0045860715805399275,5,130172,(BY4741) chrVII:480201-483440; chrVIII:58148-61954; chrXIV:21301-127143; chrXIV:138022-142899. (SK1) chrV:391914-404317.,YES
P1-7G,CTCCGGGCGGTCGGAAAAAC,246.612,0.00148838,0.002531645569620253,1,10580,(SK1) chrXIV:131762-142341.,YES
P1-8A,AAACTCATCAGAGAAAAAAA,229.88,0.0389813,0.034588721176065686,1,350210,(SK1) chrVII:731752-1081961.,YES
P1-8B,AGCATCCGACCCAGACATCA,295.141,0.00120488,0.0026018875511507437,2,11225,(SK1) chrXIII:321801-325675; chrXV:37205-44554.,YES
P1-8D,GCGGACGAAAATATATACAT,156.744,0.00184275,0.0013491124260355029,1,54688,(SK1) chrXIV:602860-657547.,YES
P1-8E,ACGGGGGCCCAAAAAAGCCA,115.826,0.003213,0.045719567690557454,5,667740,(BY4741) chrXV:550695-1071284. (SK1) chrIII:2869-23887; chrIV:1230760-1242510; chrV:450248-491556; chrXIII:601213-674283.,YES
P1-8F,TGTTATTTGTGGATTGACAT,156.176,9.45001e-5,0.01741328796900104,2,265353,(SK1) chrIV:20081-284557; chrXIV:132054-132929.,YES
P1-8G,ACAGTTCCTGGGAATGAGAG,237.544,7.56001e-4,0.00250614715339512,3,19485,(SK1) chrXIII:283876-292060; chrXVI:342823-352974; chrXVI:793555-794702.,YES
P1-8H,TGCTTGGTGTCGGCCTATGG,310.54,5.67001e-4,0.02326021180030257,2,228542,(SK1) chrVII:844261-847512; chrVII:856672-1081961.,YES
P1-9A,CGTGGTCCAAATTTATAAAG,285.695,3.07125e-4,0,0,0,NA,YES
P1-9B,GGACGGCAGAAGTTCGCGAC,387.339,7.08751e-5,0.06582398109864146,2,681330,(SK1) chrIV:593211-594035; chrIV:842326-1522830.,YES
P1-9C,GAGACTTATGAATTTAATCC,156.613,3.78e-4,0.10313858952543013,2,1236817,(SK1) chrIV:854335-1522830; chrXII:490579-1058899.,YES
P1-9D,ATGGACCAAGGAAAGCAACT,139.992,0.00826876,9.76702082042975e-4,1,5233,(SK1) chrXI:339180-344412.,YES
P1-9F,AAAGCGATGGAGACACATAT,353.246,0.00271688,0.005235354037855637,5,121079,(SK1) chrXIII:536982-599023; chrXIII:614170-624949; chrXIII:826594-828149; chrXIII:902587-919693; chrXIV:371658-401251.,YES
P1-9G,CGCGCAAAAATCGAAAAGTA,211.177,0.00111038,0.029611409380099808,2,432150,(SK1) chrV:377190-554490; chrXIV:21301-276149.,YES
P1-9H,GTTTAGCCGCAGGTAAACCT,284.434,0.00581176,0.12677629390238107,5,1658269,(BY4741) chrXIV:614988-781201. (SK1) chrII:242023-804707; chrXI:526035-664310; chrXIII:719499-919693; chrXIV:21949-612847.,YES
P2-10A,CGTGAAGCGATAAATAACTA,197.329,0.00307125,0,0,0,NA,YES
P2-10D,GACGCGAACCTAATGAAATC,193.479,0.00163013,4.259447691615987e-4,1,2825,(SK1) chrIV:588381-591205.,YES
P2-11E,CGACGACCACCGGAAAATGG,235.98,0.00503213,9.260358542087143e-4,1,6175,(SK1) chrVIII:485261-491435.,YES
P2-11F,CCGAGTCGCCGGACGAACAG,278.104,0.0135135,0.008262285659545933,7,63802,(BY4741) chrXII:392010-392641; chrXII:427313-448793; chrXII:545104-545416; chrXII:761145-769555; chrXII:949843-951540. (SK1) chrII:519405-521061; chrII:526512-556121.,YES
P2-1A,CTACCGCGACTAAGAGGAAC,185.986,0.003024,0.0476303317535545,3,558815,(SK1) chrII:385751-804707; chrVII:943671-1081961; chrXVI:373291-374857.,YES
P2-1B,TTTCCCAATAGGATATC,281.925,0.0367369,3.6789051578250314e-4,1,211,(SK1) chrIV:1386851-1387061.,YES
P2-1D,CCCCCCATCGGCATCAACTC,238.947,0.00670951,0.008348396917514985,3,71358,(SK1) chrI:37521-82323; chrIV:405482-408894; chrVI:246893-270034.,YES
P2-1G,CCAGCAAACCGTATAACAA,198.059,2.3625e-4,2.363060636135923e-5,0,0,NA,YES
P2-2A,GGATGTTTGCGTAAATAGAA,188.116,0.00361463,0.13002963841138115,4,1626869,(SK1) chrIV:1293240-1522830; chrVII:1535-450034; chrVIII:6865-553739; chrXIII:517791-919693.,YES
P2-2C,GGTCGAACAATGAAGCGCGA,88.4587,0.00670951,0.08443535343925411,3,888619,(SK1) chrIV:692787-1522830; chrVIII:172563-210057; chrXI:203378-224457.,YES
P2-2H,CCTAGCGGTAAAAGGTACAA,205.11,0.00363825,0.019253568549343198,6,285465,(BY4741) chrVII:323584-323607; chrXIII:713803-719868. (SK1) chrIV:104069-173380; chrX:564333-565667; chrXII:882746-892436; chrXIII:720657-919693.,YES
P2-3C,TGTTGTCGAAAAGGTATTCA,338.171,4.2525e-4,0.006003308910423068,2,59765,(SK1) chrXV:56223-81543; chrXV:447004-481447.,YES
P2-3D,GTGGGCCAAATGAGACGCCA,479.286,0.00189,0.002864040901344442,2,122188,(BY4741) chrXII:885268-1006428. (SK1) chrII:39234-40260.,YES
P2-3E,GAAAGCATCGTTCCTTAGAA,153.744,9.45001e-4,0.03674801362088536,2,470661,(BY4741) chrXIV:21301-55783. (SK1) chrXII:14785-450962.,YES
P2-3G,CGAATGGAAAAGCACAACGA,666.14,1.18125e-4,0.0016303192117761028,1,21865,(SK1) chrXV:558487-580351.,YES
P2-4A,TTACACTGCGTAAAAAAAAA,276.993,9.45001e-5,0.031164351195539175,1,343524,(SK1) chrX:21499-365022.,YES
P2-4E,TTACAAGCTAAGAGAAGAAA,316.392,2.3625e-5,1.6537907245965932e-4,1,4810,(SK1) chrIII:16356-21165.,YES
P2-4G,GTTCGCCCTGGTCAAAAAAA,566.297,7.08751e-5,0.008151210868281158,1,56006,(SK1) chrVII:305542-361547.,YES
P2-4H,CGGACCGAACATTAGGAACG,165.851,0.00529201,0.04317879536386091,5,600074,(BY4741) chrI:178602-178989; chrIV:202229-209035. (SK1) chrIII:2869-25808; chrIV:20081-193231; chrIV:1126043-1522830.,YES
P2-5B,GGTTCGAACGTCGGGGAAAA,275.827,4.48875e-4,0.01893214209742608,3,200612,(BY4741) chrII:734775-749103. (SK1) chrIV:842326-1024582; chrXI:154732-158757.,YES
P2-5G,GGTTAGTACTCGTAACATCA,230.286,1.4175e-4,0.008458957516185436,3,72782,(SK1) chrII:740164-745895; chrXIV:753430-781201; chrXVI:784177-823454.,YES
P2-5H,CGGGGGCCGGTCACGGGAAC,513.612,2.12625e-4,0.02001465062974078,4,267386,(SK1) chrVI:15279-72559; chrXIII:719811-919693; chrXV:675894-683562; chrXV:720674-723226.,YES
P2-6A,GCCTGTTTTAAAATCTAAAA,294.59,7.08751e-5,0.0012049616066154756,2,14300,(SK1) chrII:506138-509360; chrXI:601065-612141.,YES
P2-6B,GGTATTCCAAACAGACGCCC,313.56,2.12625e-4,0.004158888442543539,2,50385,(SK1) chrII:504755-510433; chrXII:160354-205059.,YES
P2-6D,AATCTCGACGAAGTTAAAAG,403.358,9.45001e-5,0.007560722048955675,3,55040,(BY4741) chrVIII:93026-93068. (SK1) chrVIII:6865-33397; chrXI:480070-508533.,YES
P2-6E,TCACTGCCCAATAGTTAGGC,330.474,6.85126e-4,0.05222345681931015,4,820702,(SK1) chrIV:229843-238635; chrVI:186589-194350; chrXIII:596122-919693; chrXV:590710-1071284.,YES
P2-6F,GCTCACCCATGGCAAGTGAG,258.369,0.00829238,0.08040117207041951,4,1006656,(SK1) chrIV:941099-1522830; chrV:470392-554490; chrIX:332459-335079; chrX:21499-359702.,YES
P2-6H,GGATGCTATCAGAGCTGCAC,436.615,0.00108675,0.010666477460858049,4,168477,(BY4741) chrIII:225200-299288; chrV:429823-491556. (SK1) chrII:542100-562367; chrIII:207459-219844.,YES
P2-7B,GGGAGTACTAGACCAGGAAC,185.232,8.26876e-4,5.674697940557539e-4,2,3839,(SK1) chrII:369657-371746; chrII:427998-429746.,YES
P2-7C,TGGCAAATTCATAGGCTTCT,672.681,1.4175e-4,5.670809508057275e-4,2,3028,(SK1) chrIV:184859-185762; chrVII:546380-548503.,YES
P2-7D,GCCGAACAGTTCAAAATGAG,403.5,7.08751e-5,0.0018428824571766096,1,17077,(SK1) chrVII:341785-358861.,YES
P2-7E,GGCGCAGCAAATCGTAACGG,211.077,0,4.2525042525042527e-4,1,2871,(SK1) chrII:309603-312473.,YES
P2-7F,GGGTCTGAGCTGATAGTCGA,219.94,9.92251e-4,0.0027432247079411626,2,18119,(BY4741) chrIX:314742-315641. (SK1) chrI:40237-57455.,YES
P2-7G,GCTAGGGCCGACCGAAAACC,155.727,0.00666226,0.11625362697997431,6,1275694,(BY4741) chrIV:20081-210091; chrX:21499-22914; chrX:26191-95205. (SK1) chrIV:214052-215091; chrIV:581004-1522830; chrXV:182884-255268.,YES
P2-7H,GTCCTTGGTTTGGGAAAAAC,377.008,0.0023625,0.002510182817088188,3,33793,(SK1) chrIV:1436590-1436661; chrIV:1490604-1521427; chrVII:959166-962062.,YES
P2-8A,ACACCCCCAGTCAAACAAA,222.852,4.725e-5,4.4889665926380946e-4,1,7505,(SK1) chrXI:635970-643474.,YES
P2-8C,CTGGAGTATCGTTGAGATGA,193.035,0.00602438,0.007629596178071447,4,63556,(SK1) chrVII:783224-811300; chrVII:969826-977277; chrVII:1065116-1079183; chrXV:256963-270921.,YES
P2-8D,CCCGGACTCTGGATTGCAAG,233.221,0.00186638,0.0013254751591753652,1,672,(BY4741) chrV:553766-554437.,YES
P2-8E,GCAGCTGAAAGAAGAAACAG,161.112,0.0254442,0.0025938765120845555,2,38495,(SK1) chrXIII:110807-131106; chrXIV:677841-696035.,YES
P2-8H,GCATGCACCACGTCGAAAAT,114.39,0.0010395,0.01958187494087598,2,243589,(BY4741) chrX:485447-726401. (SK1) chrXVI:674654-677287.,YES
P2-9C,GCGCACGCGAATTGTCACAA,285.443,3.07125e-4,4.962779156327543e-4,1,4544,(SK1) chrIV:265742-270285.,YES
P2-9D,AGACCAGAACCCGCCCCATT,285.773,4.725e-5,0,0,0,NA,YES
P2-9F,GGCTCCCTCGCGAGGCAGAC,211.371,0.00437063,0.003179650238473768,1,47892,(SK1) chrX:192956-240847.,YES
P2-9G,CCCCGAAATACAATTGACAC,237.895,0.0447694,0.05475725273909925,6,737087,(BY4741) chrVIII:167475-175480; chrX:85656-248569; chrXI:92251-92330; chrXV:710606-710657. (SK1) chrV:438038-438946; chrXII:493774-1058899.,YES
P2-9H,CGGCGAGCAAACTCAAATAA,82.6597,0.00515026,0.03308002849679411,4,393336,(BY4741) chrVII:782147-787546; chrVII:804429-1064130. (SK1) chrV:439039-554490; chrVII:789189-801970.,YES
P3-1A,AGCGAAGCTTTAACCTTTAG,149.438,0.00408713,0.01271498042936781,1,153602,(SK1) chrXV:14803-168404.,YES
P3-1B,GAGCGAGCATCTTAAAAATA,310.497,5.43376e-4,0.023945160146554782,2,269843,(SK1) chrIII:152950-307039; chrXIV:121108-236860.,YES
P3-1D,AGGAAAGATGAAACAAGCCC,236.828,0.00626063,0.003946461260490217,3,63927,(BY4741) chrIV:706032-711597. (SK1) chrXV:1008443-1046564; chrXV:1051046-1071284.,YES
P3-1F,CTCGGAGGTCTGAAGAACCC,198.989,0.0163485,0.11951196080315112,2,1494835,(SK1) chrVII:4981-1081961; chrXV:653431-1071284.,YES
P3-1G,ATCCCGCCGGGACAAGACAC,235.074,0.00342563,0.02131190289927222,5,212274,(BY4741) chrVIII:104032-104568. (SK1) chrVI:206614-208303; chrVII:320756-472038; chrIX:122282-141990; chrXII:562435-601489.,YES
P3-2A,GCACGACATGACAAATCGCC,163.77,0.00526838,0.006460040375252345,2,71346,(BY4741) chrIV:926065-943482. (SK1) chrVII:876711-930638.,YES
P3-2F,CCTCGGCCCAGGACGGTAAC,257.235,0.00904838,0.09281201573489092,4,833185,(SK1) chrV:29872-56171; chrVII:783677-1081961; chrXIII:10239-179439; chrXVI:16847-356245.,YES
P3-2G,AGTTGGAAGACCCACCAAAA,150.912,6.37876e-4,0,0,0,NA,YES
P3-2H,TCACGGCATAAGCTTGAATA,225.754,4.725e-4,4.727238347357474e-5,0,0,NA,YES
P3-3B,GGAAATGCCAGGTACAACGA,294.566,7.79626e-4,0.01955313866887339,2,144395,(BY4741) chrVIII:423870-525272. (SK1) chrVI:227043-270034.,YES
P3-3C,GACACGAAAAAAAAATTGAG,186.792,0.0025515,0.03593083846518238,4,516006,(SK1) chrII:39234-137788; chrVII:783224-785907; chrXI:573116-664310; chrXIII:596122-919693.,YES
P3-3F,AGACGCGCCCAAGACAATTC,254.515,9.92251e-4,0.015324220782292012,3,257455,(SK1) chrII:542052-544856; chrXIV:21301-136579; chrXV:14803-154173.,YES
P3-3G,CGATCCCTAAAATCGATTCC,226.659,2.835e-4,0.0035211267605633804,2,33242,(SK1) chrIV:545265-568131; chrVIII:234682-245056.,YES
P3-4E,GAATAAACATATAATGATAT,239.394,1.4175e-4,4.489390860545343e-4,1,11763,(SK1) chrXIII:512558-524320.,YES
P3-4F,GAGTTCGCCCAGGGAGACTA,186.45,0.00411075,0.0849504198889785,8,878814,(BY4741) chrI:4324-11716; chrI:180898-203111; chrII:242434-801218; chrXVI:76135-79797; chrXVI:113385-341086. (SK1) chrXII:930472-935848; chrXVI:16847-33006; chrXVI:450060-487579.,YES
P3-5B,GGACCGAACTCGCTACGCAC,269.953,7.08751e-5,0.00422917897223863,2,39906,(SK1) chrV:55841-56171; chrXV:676094-715668.,YES
P3-5C,TTAGGCAAGTAATTATAATA,238.797,4.01625e-4,0.0691782278840018,2,897908,(SK1) chrX:21499-325369; chrXIV:21301-615337.,YES
P3-5D,GAGTTGGGGTGGAAAAAACA,234.121,2.3625e-5,9.450232711980532e-5,0,0,NA,YES
P3-5E,GTTGACTACCCCACGGTCGC,197.02,4.48875e-4,0.002694462171169255,2,23041,(SK1) chrX:647651-668218; chrXV:177738-180210.,YES
P3-5F,AATATGAAACTACACTACAA,250.85,2.3625e-5,0.11207975996408912,5,1332749,(BY4741) chrXII:490579-1058899; chrXV:645801-669051. (SK1) chrXV:14803-173907; chrXV:464863-645369; chrXV:669720-1071284.,YES
P3-5G,CCAATCATAACTCGACGAAC,259.894,2.3625e-5,0.05055874500909585,1,677644,(SK1) chrXII:381256-1058899.,YES
P3-6A,CGGCGCACCCATACACATGG,279.681,0,0.016702891702891704,3,236329,(BY4741) chrXVI:505893-511141. (SK1) chrVII:357689-358861; chrXV:841378-1071284.,YES
P3-6B,ACCAAATCTAAAAGATAAAA,219.87,2.3625e-4,0.005694976133087575,1,66311,(SK1) chrXIII:410172-476482.,YES
P3-6C,AGGATAAAAGAACAAAGAACA,283.528,1.18125e-4,0.01313706495286251,3,154388,(SK1) chrVII:637449-655485; chrVII:666815-667843; chrXV:935963-1071284.,YES
P3-6D,CAGGATCACCCGTCTCGATT,220.9,0.00422888,0.09940923865334883,4,1287545,(BY4741) chrX:21499-374343. (SK1) chrI:2825-159757; chrVII:1535-534961; chrX:484073-728412.,YES
P3-6E,CGACAAGACAAAAAAGAGTT,209.287,7.56001e-4,0.005106865897484395,2,145904,(SK1) chrIV:20081-148010; chrXV:650943-668916.,YES
P3-6F,GAACGAAGAGATAGAACCAC,270.918,6.61501e-4,0.13304964539007091,3,1641820,(SK1) chrI:2825-203111; chrVII:1535-1081961; chrXV:710179-1071284.,YES
P3-6G,ACCCTACCGTAACAATGAGA,376.68,0.00212625,0.07180737724324068,1,1044115,(SK1) chrXII:14785-1058899.,YES
P3-7A,GTGCGATGGAAACCAAAGTC,155.061,0.00512663,0.07741445228087673,5,768237,(SK1) chrIV:435680-644966; chrIV:1102674-1522830; chrV:29872-85009; chrXVI:16847-56290; chrXVI:69892-114102.,YES
P3-7B,GACATCCGATTGA,200.438,7.08751e-5,0.015759007678676905,3,129097,(SK1) chrII:352358-404173; chrIV:1253523-1254292; chrXII:14785-91295.,YES
P3-7C,AGACTCAAAAGTTGGAAATA,188.863,0.0146711,0.030906082911741434,3,394455,(BY4741) chrVII:829998-946206; chrVII:953031-1064130. (SK1) chrIV:1355685-1522830.,YES
P3-7F,GCGCTATAGAACGTTCAAGA,225.572,0.0133954,0.02523885922271976,5,597134,(SK1) chrIII:17620-39265; chrIV:473492-521409; chrIV:523886-526741; chrIV:613999-614093; chrV:29872-554490.,YES
P3-7G,CACTAAACGACCAAAAACGT,165.141,0.00276413,0.025538366776432682,2,333747,(SK1) chrXI:4775-319143; chrXII:583102-602479.,YES
P3-8A,TCAAGGTATTAATAAAAAAA,167.982,0.00106313,2.1285150060307924e-4,0,0,NA,YES
P3-8B,ACGCTAAGAAAGAATATAAA,354.944,3.07125e-4,8.507621410847217e-4,1,15282,(SK1) chrXVI:457152-472433.,YES
P3-8C,CTGGCAATGGTACAGATCGC,189.998,0.00623701,0.09112305058957779,5,868049,(SK1) chrIII:262264-277511; chrIV:1464429-1522830; chrVII:729111-777397; chrVII:785828-1081961; chrXVI:16847-466824.,YES
P3-8D,ATTTGAGTATCGTAAGGCAC,232.554,1.18125e-4,0.001394041065141885,2,19809,(SK1) chrIV:977181-994719; chrXV:496659-498928.,YES
P3-8E,CCGCTCTCCGCGACACGAAA,121.383,0.00515026,0.005319401567323676,2,50875,(SK1) chrX:57144-80935; chrXV:369723-396805.,YES
P3-8F,CTGCACATCAATATGAAAAC,208.231,4.725e-5,5.43401219108822e-4,1,3227,(SK1) chrXIII:100054-103280.,YES
P3-2C,GCAGAGCCCCGCACTGAACA,162.413,5.19751e-4,0.004514726043587198,2,34700,(SK1) chrII:365492-388424; chrXIV:204260-216026.,"NO, barcode underrepresented (<0.01%)"
P1-11C,NA,398.961,0.017955,0.002622209391839877,NA,NA,NA,"NO, duplicated barcode"
P1-12H,NA,510.394,0.00734738,2.6179879572553965e-4,NA,NA,NA,"NO, duplicated barcode"
P1-1D,NA,196.253,0.00300038,0.03613658444112699,NA,NA,NA,"NO, duplicated barcode"
P1-1H,NA,181.432,0.0176951,0.11616440991846846,NA,NA,NA,"NO, duplicated barcode"
P1-3H,NA,222.837,4.96125e-4,2.6000425461507554e-4,NA,NA,NA,"NO, duplicated barcode"
P1-6C,NA,320.649,0.00139388,0.003927227992145544,NA,NA,NA,"NO, duplicated barcode"
P1-7C,NA,225.911,0.018333,0.016004043126684638,NA,NA,NA,"NO, duplicated barcode"
P1-7D,NA,227.604,0.00791438,0.0022384683161479294,NA,NA,NA,"NO, duplicated barcode"
P1-7E,NA,156.838,0.00413438,0.001542001755509691,NA,NA,NA,"NO, duplicated barcode"
P1-7H,NA,134.365,4.48875e-4,2.3635633080432058e-5,NA,NA,NA,"NO, duplicated barcode"
P1-8C,NA,158.745,0.00125213,0.042838557066824365,NA,NA,NA,"NO, duplicated barcode"
P1-9E,NA,244.945,0.00111038,0.13098081880750218,NA,NA,NA,"NO, duplicated barcode"
P2-10G,NA,234.763,0.00224438,0.049487367698245445,NA,NA,NA,"NO, duplicated barcode"
P2-10H,NA,218.318,0.00467775,0.011891763588891525,NA,NA,NA,"NO, duplicated barcode"
P2-11C,NA,197.674,0.015498,0.013030332117488962,NA,NA,NA,"NO, duplicated barcode"
P2-11H,NA,205.625,3.3075e-4,5.671881646736305e-4,NA,NA,NA,"NO, duplicated barcode"
P2-4D,NA,307.371,1.18125e-4,5.670675519221227e-4,NA,NA,NA,"NO, duplicated barcode"
P2-6G,NA,227.325,0.038556,0.011499901710241792,NA,NA,NA,"NO, duplicated barcode"
P2-8G,NA,215.495,3.54375e-4,0.012927469099331174,NA,NA,NA,"NO, duplicated barcode"
P2-9E,NA,199.615,1.18125e-4,0.0504453843064055,NA,NA,NA,"NO, duplicated barcode"
P3-1C,NA,218.444,2.3625e-5,5.906395444987833e-4,NA,NA,NA,"NO, duplicated barcode"
P3-1H,NA,195.686,0.00259875,0.010611587474536928,NA,NA,NA,"NO, duplicated barcode"
P3-3A,NA,220.618,0.0012285,0.002578295013719368,NA,NA,NA,"NO, duplicated barcode"
P3-3D,NA,212.877,0.0134426,0.007208027012141095,NA,NA,NA,"NO, duplicated barcode"
P3-3H,NA,277.214,0.001701,0.004354411207875805,NA,NA,NA,"NO, duplicated barcode"
P3-4A,NA,242.172,3.07125e-4,0.10641616448068061,NA,NA,NA,"NO, duplicated barcode"
P3-4D,NA,409.809,3.78e-4,0.0048449612403100775,NA,NA,NA,"NO, duplicated barcode"
P3-4G,NA,266.65,2.3625e-4,0.012098870457015926,NA,NA,NA,"NO, duplicated barcode"
P3-5A,NA,293.83,0,5.906255906255906e-4,NA,NA,NA,"NO, duplicated barcode"
P3-7H,NA,136.446,0.0125449,0.016532287006244466,NA,NA,NA,"NO, duplicated barcode"
P3-8H,NA,266.619,2.3625e-5,0.0753419802962648,NA,NA,NA,"NO, duplicated barcode"
P3-4H,NA,292.817,2.59875e-4,0.998511236618853,NA,NA,NA,"NO, haploid"
CNTRL-1F,NA,147.957,0.0678983,0.9983525117858773,NA,NA,NA,"NO, missing genotype rate > 5%"
P1-11F,NA,358.17,0.107305,0.010533001640819351,NA,NA,NA,"NO, missing genotype rate > 5%"
P1-7B,NA,146.911,0.0730013,0.00453641877771548,NA,NA,NA,"NO, missing genotype rate > 5%"
P2-2D,NA,67.3885,0.16469,0.07537404191532086,NA,NA,NA,"NO, missing genotype rate > 5%"
NFS-1F,NA,195.528,0.00626063,0.021753084658726198,NA,NA,NA,"NO, unidentifiable barcode"
NFS-1H,NA,220.281,5.90626e-4,4.7277970829492e-5,NA,NA,NA,"NO, unidentifiable barcode"
NFS-2E,NA,216.543,6.61501e-4,0,NA,NA,NA,"NO, unidentifiable barcode"
NFS-8C,NA,252.957,4.2525e-4,1.418104467029071e-4,NA,NA,NA,"NO, unidentifiable barcode"
P1-11G,NA,469.003,3.54375e-4,0.016023444331529316,NA,NA,NA,"NO, unidentifiable barcode"
P2-1F,NA,290.649,0.0160178,0.032989195678271306,NA,NA,NA,"NO, unidentifiable barcode"
P2-8B,NA,286.039,1.89e-4,0.002386578449905482,NA,NA,NA,"NO, unidentifiable barcode"
P3-2D,NA,303.964,4.48875e-4,0.03921151528043679,NA,NA,NA,"NO, unidentifiable barcode"
P3-6H,NA,567.531,3.54375e-4,0.0013234703282679083,NA,NA,NA,"NO, unidentifiable barcode"
